Data,Numer drogi,Wartość
2021-10-01,A1,32352
2021-10-02,A1,13817
2021-10-03,A1,9886
2021-10-04,A1,38838
2021-10-05,A1,39463
2021-10-06,A1,39543
2021-10-07,A1,40223
2021-10-08,A1,37138
2021-10-09,A1,14849
2021-10-10,A1,10404
2021-10-11,A1,40664
2021-10-12,A1,41779
2021-10-13,A1,41398
2021-10-14,A1,41406
2021-10-15,A1,38626
2021-10-16,A1,15402
2021-10-17,A1,11014
2021-10-18,A1,42258
2021-10-19,A1,43317
2021-10-20,A1,42508
2021-10-21,A1,41982
2021-10-22,A1,39991
2021-10-23,A1,15822
2021-10-24,A1,11189
2021-10-25,A1,43139
2021-10-26,A1,43471
2021-10-27,A1,42448
2021-10-28,A1,42518
2021-10-29,A1,40176
2021-10-30,A1,16394
2021-10-31,A1,5166
2021-11-01,A1,7974
2021-11-02,A1,45656
2021-11-03,A1,44365
2021-11-04,A1,43370
2021-11-05,A1,41499
2021-11-06,A1,18657
2021-11-07,A1,12334
2021-11-08,A1,44610
2021-11-09,A1,45195
2021-11-10,A1,40105
2021-11-11,A1,17911
2021-11-12,A1,33996
2021-11-13,A1,15850
2021-11-14,A1,11436
2021-11-15,A1,44857
2021-11-16,A1,44734
2021-11-17,A1,43278
2021-11-18,A1,44261
2021-11-19,A1,41741
2021-11-20,A1,17131
2021-11-21,A1,11520
2021-11-22,A1,44495
2021-11-23,A1,45388
2021-11-24,A1,45704
2021-11-25,A1,45466
2021-11-26,A1,41526
2021-11-27,A1,17422
2021-11-28,A1,12062
2021-11-29,A1,45273
2021-11-30,A1,45314
2021-12-01,A1,44456
2021-12-02,A1,44044
2021-12-03,A1,40322
2021-12-04,A1,16386
2021-12-05,A1,11807
2021-12-06,A1,43609
2021-12-07,A1,44087
2021-12-08,A1,43124
2021-12-09,A1,42054
2021-12-10,A1,40141
2021-12-11,A1,17714
2021-12-12,A1,12029
2021-12-13,A1,44006
2021-12-14,A1,44270
2021-12-15,A1,43509
2021-12-16,A1,44488
2021-12-17,A1,41187
2021-12-18,A1,17385
2021-12-19,A1,13177
2021-12-20,A1,41312
2021-12-21,A1,42854
2021-12-22,A1,41491
2021-12-23,A1,32061
2021-12-24,A1,8945
2021-12-25,A1,1526
2021-12-26,A1,3845
2021-12-27,A1,25584
2021-12-28,A1,28318
2021-12-29,A1,27435
2021-12-30,A1,23307
2021-12-31,A1,9001
2022-01-01,A1,1350
2022-01-02,A1,7464
2022-01-03,A1,32114
2022-01-04,A1,34334
2022-01-05,A1,30535
2022-01-06,A1,13730
2022-01-07,A1,23161
2022-01-08,A1,11825
2022-01-09,A1,10283
2022-01-10,A1,40032
2022-01-11,A1,41942
2022-01-12,A1,41467
2022-01-13,A1,41574
2022-01-14,A1,38270
2022-01-15,A1,15405
2022-01-16,A1,11158
2022-01-17,A1,41486
2022-01-18,A1,43254
2022-01-19,A1,42064
2022-01-20,A1,41373
2022-01-21,A1,38141
2022-01-22,A1,15581
2022-01-23,A1,11128
2022-01-24,A1,42549
2022-01-25,A1,43055
2022-01-26,A1,41960
2022-01-27,A1,42228
2022-01-28,A1,38550
2022-01-29,A1,15128
2022-01-30,A1,10456
2022-01-31,A1,42083
2022-02-01,A1,42049
2022-02-02,A1,41301
2022-02-03,A1,41299
2022-02-04,A1,38158
2022-02-05,A1,14919
2022-02-06,A1,10639
2022-02-07,A1,42761
2022-02-08,A1,42924
2022-02-09,A1,41747
2022-02-10,A1,41921
2022-02-11,A1,39006
2022-02-12,A1,15202
2022-02-13,A1,10802
2022-02-14,A1,42775
2022-02-15,A1,42332
2022-02-16,A1,42628
2022-02-17,A1,41547
2022-02-18,A1,39041
2022-02-19,A1,15095
2022-02-20,A1,10911
2022-02-21,A1,42683
2022-02-22,A1,43325
2022-02-23,A1,42716
2022-02-24,A1,42542
2022-02-25,A1,39382
2022-02-26,A1,15111
2022-02-27,A1,10723
2022-02-28,A1,42998
2022-03-01,A1,43073
2022-03-02,A1,42780
2022-03-03,A1,42746
2022-03-04,A1,39330
2022-03-05,A1,15077
2022-03-06,A1,10854
2022-03-07,A1,43148
2022-03-08,A1,43473
2022-03-09,A1,42748
2022-03-10,A1,42549
2022-03-11,A1,40033
2022-03-12,A1,15104
2022-03-13,A1,10337
2022-03-14,A1,43029
2022-03-15,A1,43747
2022-03-16,A1,42312
2022-03-17,A1,43092
2022-03-18,A1,40165
2022-03-19,A1,15072
2022-03-20,A1,10732
2022-03-21,A1,44562
2022-03-22,A1,44358
2022-03-23,A1,43083
2022-03-24,A1,43734
2022-03-25,A1,40638
2022-03-26,A1,15026
2022-03-27,A1,10944
2022-03-28,A1,45054
2022-03-29,A1,44989
2022-03-30,A1,43742
2022-03-31,A1,43807
2022-04-01,A1,40078
2022-04-02,A1,14899
2022-04-03,A1,10923
2022-04-04,A1,44638
2022-04-05,A1,44475
2022-04-06,A1,43497
2022-04-07,A1,43664
2022-04-08,A1,40627
2022-04-09,A1,15851
2022-04-10,A1,12118
2022-04-11,A1,44323
2022-04-12,A1,44198
2022-04-13,A1,44246
2022-04-14,A1,43571
2022-04-15,A1,31978
2022-04-16,A1,7918
2022-04-17,A1,1755
2022-04-18,A1,6084
2022-04-19,A1,44029
2022-04-20,A1,43316
2022-04-21,A1,42045
2022-04-22,A1,39938
2022-04-23,A1,16852
2022-04-24,A1,11239
2022-04-25,A1,44461
2022-04-26,A1,44548
2022-04-27,A1,43457
2022-04-28,A1,44653
2022-04-29,A1,42224
2022-04-30,A1,15969
2022-05-01,A1,6512
2022-05-02,A1,23951
2022-05-03,A1,12284
2022-05-04,A1,43808
2022-05-05,A1,44666
2022-05-06,A1,40322
2022-05-07,A1,15378
2022-05-08,A1,10614
2022-05-09,A1,44452
2022-05-10,A1,44297
2022-05-11,A1,43900
2022-05-12,A1,44523
2022-05-13,A1,40894
2022-05-14,A1,15114
2022-05-15,A1,10378
2022-05-16,A1,44918
2022-05-17,A1,45814
2022-05-18,A1,44139
2022-05-19,A1,44447
2022-05-20,A1,41035
2022-05-21,A1,15509
2022-05-22,A1,10962
2022-05-23,A1,45297
2022-05-24,A1,44248
2022-05-25,A1,43936
2022-05-26,A1,45292
2022-05-27,A1,39600
2022-05-28,A1,15471
2022-05-29,A1,11031
2022-05-30,A1,44306
2022-05-31,A1,43994
2022-06-01,A1,43729
2022-06-02,A1,44019
2022-06-03,A1,40225
2022-06-04,A1,14647
2022-06-05,A1,8184
2022-06-06,A1,46839
2022-06-07,A1,43396
2022-06-08,A1,42575
2022-06-09,A1,43295
2022-06-10,A1,41170
2022-06-11,A1,16452
2022-06-12,A1,11394
2022-06-13,A1,44851
2022-06-14,A1,44838
2022-06-15,A1,39260
2022-06-16,A1,16011
2022-06-17,A1,28285
2022-06-18,A1,14289
2022-06-19,A1,10665
2022-06-20,A1,44640
2022-06-21,A1,45328
2022-06-22,A1,43391
2022-06-23,A1,43422
2022-06-24,A1,39325
2022-06-25,A1,15648
2022-06-26,A1,8881
2022-06-27,A1,45188
2022-06-28,A1,43667
2022-06-29,A1,43174
2022-06-30,A1,42083
2022-07-01,A1,38141
2022-07-02,A1,15273
2022-07-03,A1,8459
2022-07-04,A1,43600
2022-07-05,A1,40564
2022-07-06,A1,40401
2022-07-07,A1,41568
2022-07-08,A1,37828
2022-07-09,A1,15276
2022-07-10,A1,8594
2022-07-11,A1,43453
2022-07-12,A1,42600
2022-07-13,A1,41031
2022-07-14,A1,41723
2022-07-15,A1,37694
2022-07-16,A1,14336
2022-07-17,A1,8322
2022-07-18,A1,42953
2022-07-19,A1,41542
2022-07-20,A1,40201
2022-07-21,A1,40416
2022-07-22,A1,36614
2022-07-23,A1,14146
2022-07-24,A1,7931
2022-07-25,A1,42118
2022-07-26,A1,40439
2022-07-27,A1,39560
2022-07-28,A1,40085
2022-07-29,A1,35201
2022-07-30,A1,14035
2022-07-31,A1,7873
2022-08-01,A1,40938
2022-08-02,A1,39845
2022-08-03,A1,38311
2022-08-04,A1,38837
2022-08-05,A1,34896
2022-08-06,A1,13541
2022-08-07,A1,7814
2022-08-08,A1,40992
2022-08-09,A1,40772
2022-08-10,A1,40170
2022-08-11,A1,40326
2022-08-12,A1,36045
2022-08-13,A1,13656
2022-08-14,A1,4965
2022-08-15,A1,10146
2022-08-16,A1,41641
2022-08-17,A1,41785
2022-08-18,A1,40686
2022-08-19,A1,36576
2022-08-20,A1,14763
2022-08-21,A1,8380
2022-08-22,A1,42432
2022-08-23,A1,42998
2022-08-24,A1,41257
2022-08-25,A1,41078
2022-08-26,A1,37614
2022-08-27,A1,14644
2022-08-28,A1,8451
2022-08-29,A1,43657
2022-08-30,A1,42978
2022-08-31,A1,41627
2022-09-01,A1,41148
2022-09-02,A1,38137
2022-09-03,A1,14590
2022-09-04,A1,10142
2022-09-05,A1,43065
2022-09-06,A1,42971
2022-09-07,A1,41832
2022-09-08,A1,41895
2022-09-09,A1,38883
2022-09-10,A1,14714
2022-09-11,A1,10593
2022-09-12,A1,43147
2022-09-13,A1,42777
2022-09-14,A1,42055
2022-09-15,A1,42011
2022-09-16,A1,39690
2022-09-17,A1,15201
2022-09-18,A1,10797
2022-09-19,A1,43753
2022-09-20,A1,43925
2022-09-21,A1,42771
2022-09-22,A1,43316
2022-09-23,A1,39549
2022-09-24,A1,15159
2022-09-25,A1,10533
2022-09-26,A1,43979
2022-09-27,A1,42281
2022-09-28,A1,41757
2022-09-29,A1,43944
2022-09-30,A1,40519
2022-10-01,A1,15595
2022-10-02,A1,10127
2022-10-03,A1,45837
2022-10-04,A1,43779
2022-10-05,A1,42400
2022-10-06,A1,42368
2022-10-07,A1,40049
2022-10-08,A1,15807
2022-10-09,A1,10370
2022-10-10,A1,43678
2022-10-11,A1,43846
2022-10-12,A1,42981
2022-10-13,A1,42907
2022-10-14,A1,40436
2022-10-15,A1,15352
2022-10-16,A1,10749
2022-10-17,A1,44417
2022-10-18,A1,44479
2022-10-19,A1,43884
2022-10-20,A1,43649
2022-10-21,A1,40996
2022-10-22,A1,15649
2022-10-23,A1,10787
2022-10-24,A1,45607
2022-10-25,A1,45292
2022-10-26,A1,43475
2022-10-27,A1,44574
2022-10-28,A1,40614
2022-10-29,A1,16252
2022-10-30,A1,9244
2022-10-31,A1,24931
2022-11-01,A1,10974
2022-11-02,A1,44639
2022-11-03,A1,43343
2022-11-04,A1,41584
2022-11-05,A1,17108
2022-11-06,A1,11457
2022-11-07,A1,44585
2022-11-08,A1,44952
2022-11-09,A1,44974
2022-11-10,A1,40152
2022-11-11,A1,15289
2022-11-12,A1,12406
2022-11-13,A1,10834
2022-11-14,A1,45727
2022-11-15,A1,45603
2022-11-16,A1,43643
2022-11-17,A1,42601
2022-11-18,A1,40498
2022-11-19,A1,15866
2022-11-20,A1,10715
2022-11-21,A1,44087
2022-11-22,A1,45082
2022-11-23,A1,44129
2022-11-24,A1,44056
2022-11-25,A1,40261
2022-11-26,A1,13781
2022-11-27,A1,9672
2022-11-28,A1,40753
2022-11-29,A1,41042
2022-11-30,A1,40209
2022-12-01,A1,40049
2022-12-02,A1,36240
2022-12-03,A1,13353
2022-12-04,A1,9653
2022-12-05,A1,40368
2022-12-06,A1,39785
2022-12-07,A1,39809
2022-12-08,A1,39332
2022-12-09,A1,35803
2022-12-10,A1,13612
2022-12-11,A1,9721
2022-12-12,A1,37914
2022-12-13,A1,39470
2022-12-14,A1,38396
2022-12-15,A1,38462
2022-12-16,A1,34989
2022-12-17,A1,14993
2022-12-18,A1,10324
2022-12-19,A1,37083
2022-12-20,A1,37831
2022-12-21,A1,37682
2022-12-22,A1,34439
2022-12-23,A1,23298
2022-12-24,A1,5004
2022-12-25,A1,1020
2022-12-26,A1,3600
2022-12-27,A1,23026
2022-12-28,A1,25600
2022-12-29,A1,24145
2022-12-30,A1,18564
2022-12-31,A1,5015
2023-01-01,A1,2789
2023-01-02,A1,25256
2023-01-03,A1,28979
2023-01-04,A1,29290
2023-01-05,A1,26569
2023-01-06,A1,9232
2023-01-07,A1,6305
2023-01-08,A1,7796
2023-01-09,A1,35551
2023-01-10,A1,36996
2023-01-11,A1,36542
2023-01-12,A1,36527
2023-01-13,A1,32989
2023-01-14,A1,11725
2023-01-15,A1,8837
2023-01-16,A1,37671
2023-01-17,A1,38003
2023-01-18,A1,36958
2023-01-19,A1,36662
2023-01-20,A1,33032
2023-01-21,A1,11616
2023-01-22,A1,8876
2023-01-23,A1,37548
2023-01-24,A1,37602
2023-01-25,A1,36761
2023-01-26,A1,36427
2023-01-27,A1,33090
2023-01-28,A1,11977
2023-01-29,A1,8660
2023-01-30,A1,36995
2023-01-31,A1,37485
2023-02-01,A1,36900
2023-02-02,A1,36425
2023-02-03,A1,32400
2023-02-04,A1,12648
2023-02-05,A1,8762
2023-02-06,A1,36719
2023-02-07,A1,36854
2023-02-08,A1,36365
2023-02-09,A1,35974
2023-02-10,A1,32684
2023-02-11,A1,11750
2023-02-12,A1,8752
2023-02-13,A1,37161
2023-02-14,A1,37276
2023-02-15,A1,37139
2023-02-16,A1,37163
2023-02-17,A1,33072
2023-02-18,A1,11538
2023-02-19,A1,8684
2023-02-20,A1,37285
2023-02-21,A1,37445
2023-02-22,A1,37233
2023-02-23,A1,36979
2023-02-24,A1,33557
2023-02-25,A1,11923
2023-02-26,A1,8775
2023-02-27,A1,37849
2023-02-28,A1,38103
2023-03-01,A1,37512
2023-03-02,A1,37467
2023-03-03,A1,33779
2023-03-04,A1,12081
2023-03-05,A1,8911
2023-03-06,A1,38136
2023-03-07,A1,38505
2023-03-08,A1,37371
2023-03-09,A1,37393
2023-03-10,A1,33692
2023-03-11,A1,11866
2023-03-12,A1,8951
2023-03-13,A1,38003
2023-03-14,A1,38158
2023-03-15,A1,38097
2023-03-16,A1,37594
2023-03-17,A1,34682
2023-03-18,A1,12255
2023-03-19,A1,9025
2023-03-20,A1,38290
2023-03-21,A1,38996
2023-03-22,A1,38657
2023-03-23,A1,38517
2023-03-24,A1,34766
2023-03-25,A1,12266
2023-03-26,A1,8929
2023-03-27,A1,38886
2023-03-28,A1,39193
2023-03-29,A1,39058
2023-03-30,A1,38130
2023-03-31,A1,35255
2023-04-01,A1,13218
2023-04-02,A1,9869
2023-04-03,A1,39036
2023-04-04,A1,39052
2023-04-05,A1,38491
2023-04-06,A1,37374
2023-04-07,A1,26633
2023-04-08,A1,6673
2023-04-09,A1,1633
2023-04-10,A1,5122
2023-04-11,A1,37877
2023-04-12,A1,38499
2023-04-13,A1,36632
2023-04-14,A1,35308
2023-04-15,A1,13729
2023-04-16,A1,9149
2023-04-17,A1,38939
2023-04-18,A1,39266
2023-04-19,A1,38639
2023-04-20,A1,39213
2023-04-21,A1,36164
2023-04-22,A1,12988
2023-04-23,A1,9479
2023-04-24,A1,40283
2023-04-25,A1,40702
2023-04-26,A1,39918
2023-04-27,A1,40392
2023-04-28,A1,37223
2023-04-29,A1,14730
2023-04-30,A1,4644
2023-05-01,A1,6463
2023-05-02,A1,19763
2023-05-03,A1,10458
2023-05-04,A1,35023
2023-05-05,A1,34064
2023-05-06,A1,13556
2023-05-07,A1,8938
2023-05-08,A1,37795
2023-05-09,A1,40895
2023-05-10,A1,39947
2023-05-11,A1,39810
2023-05-12,A1,36793
2023-05-13,A1,13428
2023-05-14,A1,9385
2023-05-15,A1,39545
2023-05-16,A1,39434
2023-05-17,A1,39441
2023-05-18,A1,40295
2023-05-19,A1,35018
2023-05-20,A1,13029
2023-05-21,A1,9151
2023-05-22,A1,39504
2023-05-23,A1,39784
2023-05-24,A1,39573
2023-05-25,A1,39763
2023-05-26,A1,36493
2023-05-27,A1,13490
2023-05-28,A1,7170
2023-05-29,A1,41908
2023-05-30,A1,39761
2023-05-31,A1,39005
2023-06-01,A1,43460
2023-06-02,A1,41791
2023-06-03,A1,16189
2023-06-04,A1,11678
2023-06-05,A1,45418
2023-06-06,A1,45406
2023-06-07,A1,40512
2023-06-08,A1,16036
2023-06-09,A1,28425
2023-06-10,A1,14444
2023-06-11,A1,11161
2023-06-12,A1,46459
2023-06-13,A1,46286
2023-06-14,A1,45020
2023-06-15,A1,44618
2023-06-16,A1,41291
2023-06-17,A1,16109
2023-06-18,A1,11312
2023-06-19,A1,44947
2023-06-20,A1,44398
2023-06-21,A1,43628
2023-06-22,A1,43857
2023-06-23,A1,39315
2023-06-24,A1,15986
2023-06-25,A1,9259
2023-06-26,A1,45266
2023-06-27,A1,44696
2023-06-28,A1,42932
2023-06-29,A1,43486
2023-06-30,A1,39675
2023-07-01,A1,15390
2023-07-02,A1,8688
2023-07-03,A1,45074
2023-07-04,A1,43467
2023-07-05,A1,40612
2023-07-06,A1,40789
2023-07-07,A1,37925
2023-07-08,A1,14982
2023-07-09,A1,8855
2023-07-10,A1,44466
2023-07-11,A1,42975
2023-07-12,A1,42175
2023-07-13,A1,42126
2023-07-14,A1,38323
2023-07-15,A1,15157
2023-07-16,A1,8870
2023-07-17,A1,43816
2023-07-18,A1,43132
2023-07-19,A1,41654
2023-07-20,A1,41805
2023-07-21,A1,37726
2023-07-22,A1,15059
2023-07-23,A1,8599
2023-07-24,A1,42771
2023-07-25,A1,41471
2023-07-26,A1,40500
2023-07-27,A1,41308
2023-07-28,A1,37332
2023-07-29,A1,14845
2023-07-30,A1,8491
2023-07-31,A1,41969
2023-08-01,A1,40957
2023-08-02,A1,40096
2023-08-03,A1,40019
2023-08-04,A1,36048
2023-08-05,A1,14265
2023-08-06,A1,8233
2023-08-07,A1,41776
2023-08-08,A1,41907
2023-08-09,A1,41193
2023-08-10,A1,41203
2023-08-11,A1,37257
2023-08-12,A1,14878
2023-08-13,A1,8017
2023-08-14,A1,26613
2023-08-15,A1,13827
2023-08-16,A1,40909
2023-08-17,A1,41511
2023-08-18,A1,37244
2023-08-19,A1,15209
2023-08-20,A1,8794
2023-08-21,A1,43008
2023-08-22,A1,43204
2023-08-23,A1,42624
2023-08-24,A1,42687
2023-08-25,A1,38298
2023-08-26,A1,15440
2023-08-27,A1,9061
2023-08-28,A1,44350
2023-08-29,A1,43831
2023-08-30,A1,42799
2023-08-31,A1,43208
2023-09-01,A1,38994
2023-09-02,A1,14977
2023-09-03,A1,9433
2023-09-04,A1,44183
2023-09-05,A1,43578
2023-09-06,A1,42990
2023-09-07,A1,43427
2023-09-08,A1,39902
2023-09-09,A1,15798
2023-09-10,A1,10877
2023-09-11,A1,44114
2023-09-12,A1,44418
2023-09-13,A1,43446
2023-09-14,A1,43864
2023-09-15,A1,41029
2023-09-16,A1,15773
2023-09-17,A1,11148
2023-09-18,A1,44835
2023-09-19,A1,45613
2023-09-20,A1,44486
2023-09-21,A1,44684
2023-09-22,A1,41200
2023-09-23,A1,15958
2023-09-24,A1,11220
2023-09-25,A1,45199
2023-09-26,A1,45117
2023-09-27,A1,44112
2023-09-28,A1,43344
2023-09-29,A1,41216
2023-09-30,A1,15920
2023-10-01,A1,11698
2023-10-02,A1,44036
2023-10-03,A1,46544
2023-10-04,A1,43002
2023-10-05,A1,43147
2023-10-06,A1,40693
2023-10-07,A1,16033
2023-10-08,A1,11270
2023-10-09,A1,44673
2023-10-10,A1,45100
2023-10-11,A1,44171
2023-10-12,A1,44714
2023-10-13,A1,41462
2023-10-14,A1,16050
2023-10-15,A1,11154
2023-10-16,A1,45490
2023-10-17,A1,45382
2023-10-18,A1,44403
2023-10-19,A1,44736
2023-10-20,A1,41659
2023-10-21,A1,15894
2023-10-22,A1,11479
2023-10-23,A1,45955
2023-10-24,A1,45555
2023-10-25,A1,44555
2023-10-26,A1,44556
2023-10-27,A1,41743
2023-10-28,A1,16978
2023-10-29,A1,12518
2023-10-30,A1,42975
2023-10-31,A1,39097
2023-11-01,A1,13021
2023-11-02,A1,39681
2023-11-03,A1,38598
2023-11-04,A1,16320
2023-11-05,A1,11384
2023-11-06,A1,45130
2023-11-07,A1,45622
2023-11-08,A1,44523
2023-11-09,A1,44469
2023-11-10,A1,38489
2023-11-11,A1,11703
2023-11-12,A1,12265
2023-11-13,A1,45656
2023-11-14,A1,45847
2023-11-15,A1,44988
2023-11-16,A1,44509
2023-11-17,A1,39824
2023-11-18,A1,15696
2023-11-19,A1,11420
2023-11-20,A1,45330
2023-11-21,A1,46005
2023-11-22,A1,45086
2023-11-23,A1,45056
2023-11-24,A1,41726
2023-11-25,A1,16439
2023-11-26,A1,11797
2023-11-27,A1,45606
2023-11-28,A1,45004
2023-11-29,A1,45128
2023-11-30,A1,44895
2023-12-01,A1,41210
2023-12-02,A1,16067
2023-12-03,A1,11931
2023-12-04,A1,43425
2023-12-05,A1,45114
2023-12-06,A1,43931
2023-12-07,A1,44679
2023-12-08,A1,41194
2023-12-09,A1,16603
2023-12-10,A1,11997
2023-12-11,A1,45387
2023-12-12,A1,45458
2023-12-13,A1,44705
2023-12-14,A1,45394
2023-12-15,A1,41798
2023-12-16,A1,17278
2023-12-17,A1,12702
2023-12-18,A1,45464
2023-12-19,A1,45031
2023-12-20,A1,44792
2023-12-21,A1,42402
2023-12-22,A1,32203
2023-12-23,A1,9610
2023-12-24,A1,1955
2023-12-25,A1,1462
2023-12-26,A1,4333
2023-12-27,A1,23155
2023-12-28,A1,25641
2023-12-29,A1,21703
2023-12-30,A1,8122
2023-12-31,A1,1897
2024-01-01,A1,3850
2024-01-02,A1,28385
2024-01-03,A1,33781
2024-01-04,A1,34120
2024-01-05,A1,31199
2024-01-06,A1,10062
2024-01-07,A1,9962
2024-01-08,A1,39584
2024-01-09,A1,40163
2024-01-10,A1,39903
2024-01-11,A1,40527
2024-01-12,A1,38157
2024-01-13,A1,14516
2024-01-14,A1,10545
2024-01-15,A1,41246
2024-01-16,A1,42999
2024-01-17,A1,42163
2024-01-18,A1,41670
2024-01-19,A1,38163
2024-01-20,A1,14984
2024-01-21,A1,10515
2024-01-22,A1,42603
2024-01-23,A1,43270
2024-01-24,A1,42369
2024-01-25,A1,42587
2024-01-26,A1,39056
2024-01-27,A1,15024
2024-01-28,A1,10971
2024-01-29,A1,43226
2024-01-30,A1,43551
2024-01-31,A1,42692
2024-02-01,A1,41657
2024-02-02,A1,38415
2024-02-03,A1,14354
2024-02-04,A1,10672
2024-02-05,A1,42386
2024-02-06,A1,42934
2024-02-07,A1,42281
2024-02-08,A1,42889
2024-02-09,A1,37927
2024-02-10,A1,14834
2024-02-11,A1,10575
2024-02-12,A1,43200
2024-02-13,A1,43588
2024-02-14,A1,42621
2024-02-15,A1,42617
2024-02-16,A1,39922
2024-02-17,A1,14701
2024-02-18,A1,10624
2024-02-19,A1,43377
2024-02-20,A1,39746
2024-02-21,A1,40660
2024-02-22,A1,44127
2024-02-23,A1,40108
2024-02-24,A1,15169
2024-02-25,A1,11289
2024-02-26,A1,45505
2024-02-27,A1,45855
2024-02-28,A1,44921
2024-02-29,A1,44790
2024-03-01,A1,40125
2024-03-02,A1,14976
2024-03-03,A1,10851
2024-03-04,A1,44520
2024-03-05,A1,45178
2024-03-06,A1,45755
2024-03-07,A1,46542
2024-03-08,A1,43235
2024-03-09,A1,15337
2024-03-10,A1,10905
2024-03-11,A1,46494
2024-03-12,A1,47646
2024-03-13,A1,46732
2024-03-14,A1,45481
2024-03-15,A1,41490
2024-03-16,A1,15456
2024-03-17,A1,12012
2024-03-18,A1,47263
2024-03-19,A1,48357
2024-03-20,A1,37970
2024-03-21,A1,40309
2024-03-22,A1,41798
2024-03-23,A1,16909
2024-03-24,A1,12837
2024-03-25,A1,46839
2024-03-26,A1,46479
2024-03-27,A1,46177
2024-03-28,A1,45072
2024-03-29,A1,32517
2024-03-30,A1,8229
2024-03-31,A1,2127
2024-04-01,A1,6153
2024-04-02,A1,43949
2024-04-03,A1,44630
2024-04-04,A1,43317
2024-04-05,A1,40976
2024-04-06,A1,16983
2024-04-07,A1,11453
2024-04-08,A1,45586
2024-04-09,A1,45653
2024-04-10,A1,45180
2024-04-11,A1,45206
2024-04-12,A1,41935
2024-04-13,A1,15735
2024-04-14,A1,11282
2024-04-15,A1,46738
2024-04-16,A1,46476
2024-04-17,A1,45765
2024-04-18,A1,46039
2024-04-19,A1,42287
2024-04-20,A1,15541
2024-04-21,A1,11693
2024-04-22,A1,47012
2024-04-23,A1,46577
2024-04-24,A1,47103
2024-04-25,A1,48197
2024-04-26,A1,44694
2024-04-27,A1,17299
2024-04-28,A1,13150
2024-04-29,A1,42938
2024-04-30,A1,38119
2024-05-01,A1,13618
2024-05-02,A1,19964
2024-05-03,A1,10944
2024-05-04,A1,11238
2024-05-05,A1,11423
2024-05-06,A1,46744
2024-05-07,A1,46988
2024-05-08,A1,44958
2024-05-09,A1,47931
2024-05-10,A1,41798
2024-05-11,A1,16273
2024-05-12,A1,11997
2024-05-13,A1,46732
2024-05-14,A1,46815
2024-05-15,A1,46409
2024-05-16,A1,46715
2024-05-17,A1,43216
2024-05-18,A1,16415
2024-05-19,A1,9119
2024-05-20,A1,49325
2024-05-21,A1,47086
2024-05-22,A1,46352
2024-05-23,A1,46648
2024-05-24,A1,43810
2024-05-25,A1,17164
2024-05-26,A1,12375
2024-05-27,A1,48999
2024-05-28,A1,48511
2024-05-29,A1,42338
2024-05-30,A1,16954
2024-05-31,A1,29324
2024-06-01,A1,14608
2024-06-02,A1,11974
2024-06-03,A1,47844
2024-06-04,A1,47466
2024-06-05,A1,46528
2024-06-06,A1,46174
2024-06-07,A1,43274
2024-06-08,A1,16328
2024-06-09,A1,11808
2024-06-10,A1,47265
2024-06-11,A1,46896
2024-06-12,A1,45793
2024-06-13,A1,45752
2024-06-14,A1,42623
2024-06-15,A1,15762
2024-06-16,A1,11663
2024-06-17,A1,47032
2024-06-18,A1,47259
2024-06-19,A1,45828
2024-06-20,A1,45956
2024-06-21,A1,41155
2024-06-22,A1,16151
2024-06-23,A1,9687
2024-06-24,A1,47784
2024-06-25,A1,46214
2024-06-26,A1,45034
2024-06-27,A1,44591
2024-06-28,A1,40997
2024-06-29,A1,16571
2024-06-30,A1,9478
2024-07-01,A1,46633
2024-07-02,A1,44882
2024-07-03,A1,43772
2024-07-04,A1,43500
2024-07-05,A1,38112
2024-07-06,A1,14525
2024-07-07,A1,9276
2024-07-08,A1,46045
2024-07-09,A1,44950
2024-07-10,A1,43792
2024-07-11,A1,43374
2024-07-12,A1,39075
2024-07-13,A1,15174
2024-07-14,A1,9159
2024-07-15,A1,44874
2024-07-16,A1,44118
2024-07-17,A1,42893
2024-07-18,A1,43550
2024-07-19,A1,38709
2024-07-20,A1,14835
2024-07-21,A1,8665
2024-07-22,A1,44125
2024-07-23,A1,43700
2024-07-24,A1,42623
2024-07-25,A1,42584
2024-07-26,A1,38693
2024-07-27,A1,14764
2024-07-28,A1,8885
2024-07-29,A1,44141
2024-07-30,A1,44239
2024-07-31,A1,42388
2024-08-01,A1,41997
2024-08-02,A1,37581
2024-08-03,A1,14268
2024-08-04,A1,8717
2024-08-05,A1,43314
2024-08-06,A1,42833
2024-08-07,A1,41800
2024-08-08,A1,42297
2024-08-09,A1,37879
2024-08-10,A1,14634
2024-08-11,A1,8907
2024-08-12,A1,44010
2024-08-13,A1,43181
2024-08-14,A1,37626
2024-08-15,A1,15476
2024-08-16,A1,25712
2024-08-17,A1,12522
2024-08-18,A1,8500
2024-08-19,A1,43815
2024-08-20,A1,45250
2024-08-21,A1,43255
2024-08-22,A1,43587
2024-08-23,A1,38994
2024-08-24,A1,15306
2024-08-25,A1,9160
2024-08-26,A1,46252
2024-08-27,A1,45736
2024-08-28,A1,44261
2024-08-29,A1,44221
2024-08-30,A1,39908
2024-08-31,A1,15190
2024-09-01,A1,9316
2024-09-02,A1,45684
2024-09-03,A1,45276
2024-09-04,A1,43946
2024-09-05,A1,43742
2024-09-06,A1,40917
2024-09-07,A1,15207
2024-09-08,A1,10881
2024-09-09,A1,44721
2024-09-10,A1,45630
2024-09-11,A1,44755
2024-09-12,A1,44512
2024-09-13,A1,41490
2024-09-14,A1,15746
2024-09-15,A1,11039
2024-09-16,A1,43918
2024-09-17,A1,43684
2024-09-18,A1,43299
2024-09-19,A1,42596
2024-09-20,A1,40488
2024-09-21,A1,14938
2024-09-22,A1,11106
2024-09-23,A1,45707
2024-09-24,A1,46822
2024-09-25,A1,46231
2024-09-26,A1,45861
2024-09-27,A1,42749
2024-09-28,A1,16074
2024-09-29,A1,11942
2024-09-30,A1,47326
2024-10-01,A1,45864
2024-10-02,A1,44736
2024-10-03,A1,46028
2024-10-04,A1,40676
2024-10-05,A1,16124
2024-10-06,A1,11596
2024-10-07,A1,45815
2024-10-08,A1,45994
2024-10-09,A1,45650
2024-10-10,A1,45071
2024-10-11,A1,42017
2024-10-12,A1,15831
2024-10-13,A1,11438
2024-10-14,A1,46312
2024-10-15,A1,46743
2024-10-16,A1,45865
2024-10-17,A1,45775
2024-10-18,A1,42743
2024-10-19,A1,16074
2024-10-20,A1,11501
2024-10-21,A1,46710
2024-10-22,A1,47244
2024-10-23,A1,46388
2024-10-24,A1,45841
2024-10-25,A1,43081
2024-10-26,A1,16469
2024-10-27,A1,12260
2024-10-28,A1,46005
2024-10-29,A1,47559
2024-10-30,A1,45301
2024-10-31,A1,40376
2024-11-01,A1,11297
2024-11-02,A1,9436
2024-11-03,A1,12193
2024-11-04,A1,49722
2024-11-05,A1,50409
2024-11-06,A1,49129
2024-11-07,A1,48981
2024-11-08,A1,46484
2024-11-09,A1,17807
2024-11-10,A1,8377
2024-11-11,A1,12809
2024-11-12,A1,52064
2024-11-13,A1,51463
2024-11-14,A1,50378
2024-11-15,A1,46880
2024-11-16,A1,18184
2024-11-17,A1,12299
2024-11-18,A1,50371
2024-11-19,A1,50376
2024-11-20,A1,49568
2024-11-21,A1,49657
2024-11-22,A1,44988
2024-11-23,A1,17267
2024-11-24,A1,12102
2024-11-25,A1,50205
2024-11-26,A1,50734
2024-11-27,A1,49686
2024-11-28,A1,49512
2024-11-29,A1,46231
2024-11-30,A1,17549
2024-12-01,A1,12378
2024-12-02,A1,49983
2024-12-03,A1,49945
2024-12-04,A1,48400
2024-12-05,A1,49093
2024-12-06,A1,45371
2024-12-07,A1,17688
2024-12-08,A1,12523
2024-12-09,A1,50417
2024-12-10,A1,50468
2024-12-11,A1,49129
2024-12-12,A1,49299
2024-12-13,A1,46010
2024-12-14,A1,18038
2024-12-15,A1,13388
2024-12-16,A1,49406
2024-12-17,A1,49834
2024-12-18,A1,49699
2024-12-19,A1,49548
2024-12-20,A1,43392
2024-12-21,A1,16494
2024-12-22,A1,9402
2024-12-23,A1,25554
2024-12-24,A1,9531
2024-12-25,A1,1533
2024-12-26,A1,4247
2024-12-27,A1,16984
2024-12-28,A1,9789
2024-12-29,A1,7549
2024-12-30,A1,21509
2024-12-31,A1,12359
2025-01-01,A1,4280
2025-01-02,A1,24932
2025-01-03,A1,26843
2025-01-04,A1,11665
2025-01-05,A1,5969
2025-01-06,A1,12786
2025-01-07,A1,44040
2025-01-08,A1,45643
2025-01-09,A1,45313
2025-01-10,A1,42023
2025-01-11,A1,16249
2025-01-12,A1,12085
2025-01-13,A1,46499
2025-01-14,A1,47133
2025-01-15,A1,45859
2025-01-16,A1,46228
2025-01-17,A1,42342
2025-01-18,A1,15911
2025-01-19,A1,11508
2025-01-20,A1,47655
2025-01-21,A1,47839
2025-01-22,A1,46721
2025-01-23,A1,46245
2025-01-24,A1,43076
2025-01-25,A1,15900
2025-01-26,A1,11409
2025-01-27,A1,47302
2025-01-28,A1,47883
2025-01-29,A1,46856
2025-01-30,A1,46780
2025-01-31,A1,42974
2025-02-01,A1,15293
2025-02-02,A1,11210
2025-02-03,A1,46878
2025-02-04,A1,46922
2025-02-05,A1,45968
2025-02-06,A1,45825
2025-02-07,A1,42109
2025-02-08,A1,15148
2025-02-09,A1,11182
2025-02-10,A1,46727
2025-02-11,A1,46899
2025-02-12,A1,46123
2025-02-13,A1,45863
2025-02-14,A1,41660
2025-02-15,A1,15318
2025-02-16,A1,11018
2025-02-17,A1,46177
2025-02-18,A1,46214
2025-02-19,A1,45202
2025-02-20,A1,45116
2025-02-21,A1,41635
2025-02-22,A1,15191
2025-02-23,A1,11419
2025-02-24,A1,47154
2025-02-25,A1,47663
2025-02-26,A1,46919
2025-02-27,A1,47104
2025-02-28,A1,43329
2025-03-01,A1,15257
2025-03-02,A1,11478
2025-03-03,A1,47656
2025-03-04,A1,47884
2025-03-05,A1,46956
2025-03-06,A1,47269
2025-03-07,A1,43625
2025-03-08,A1,15352
2025-03-09,A1,11439
2025-03-10,A1,48756
2025-03-11,A1,49300
2025-03-12,A1,47627
2025-03-13,A1,47820
2025-03-14,A1,44051
2025-03-15,A1,16135
2025-03-16,A1,11571
2025-03-17,A1,48935
2025-03-18,A1,49243
2025-03-19,A1,48410
2025-03-20,A1,48394
2025-03-21,A1,44957
2025-03-22,A1,16079
2025-03-23,A1,11907
2025-03-24,A1,49587
2025-03-25,A1,50265
2025-03-26,A1,49131
2025-03-27,A1,48886
2025-03-28,A1,45380
2025-03-29,A1,16247
2025-03-30,A1,11596
2025-03-31,A1,49982
2025-04-01,A1,49778
2025-04-02,A1,48399
2025-04-03,A1,48352
2025-04-04,A1,45121
2025-04-05,A1,16407
2025-04-06,A1,12035
2025-04-07,A1,49456
2025-04-08,A1,49964
2025-04-09,A1,49167
2025-04-10,A1,48828
2025-04-11,A1,45866
2025-04-12,A1,17476
2025-04-13,A1,13151
2025-04-14,A1,50736
2025-04-15,A1,49758
2025-04-16,A1,49470
2025-04-17,A1,48005
2025-04-18,A1,35870
2025-04-19,A1,8786
2025-04-20,A1,2109
2025-04-21,A1,6865
2025-04-22,A1,48499
2025-04-23,A1,48496
2025-04-24,A1,47956
2025-04-25,A1,46481
2025-04-26,A1,19860
2025-04-27,A1,14005
2025-04-28,A1,48936
2025-04-29,A1,48511
2025-04-30,A1,43170
2025-05-01,A1,13867
2025-05-02,A1,18177
2025-05-03,A1,8047
2025-05-04,A1,13058
2025-05-05,A1,49476
2025-05-06,A1,49803
2025-05-07,A1,48446
2025-05-08,A1,47138
2025-05-09,A1,45926
2025-05-10,A1,16783
2025-05-11,A1,12027
2025-05-12,A1,49449
2025-05-13,A1,49360
2025-05-14,A1,48776
2025-05-15,A1,48538
2025-05-16,A1,44989
2025-05-17,A1,15748
2025-05-18,A1,11705
2025-05-19,A1,50801
2025-05-20,A1,49469
2025-05-21,A1,49037
2025-05-22,A1,48697
2025-05-23,A1,45658
2025-05-24,A1,16446
2025-05-25,A1,12689
2025-05-26,A1,50112
2025-05-27,A1,49190
2025-05-28,A1,48736
2025-05-29,A1,50709
2025-05-30,A1,43998
2025-05-31,A1,16307
2025-06-01,A1,12242
2025-06-02,A1,49047
2025-06-03,A1,48553
2025-06-04,A1,47802
2025-06-05,A1,48260
2025-06-06,A1,45667
2025-06-07,A1,16889
2025-06-08,A1,9587
2025-06-09,A1,51082
2025-06-10,A1,48527
2025-06-11,A1,47516
2025-06-12,A1,47857
2025-06-13,A1,45909
2025-06-14,A1,17656
2025-06-15,A1,12992
2025-06-16,A1,50373
2025-06-17,A1,50428
2025-06-18,A1,44201
2025-06-19,A1,17234
2025-06-20,A1,29008
2025-06-21,A1,14663
2025-06-22,A1,12417
2025-06-23,A1,50307
2025-06-24,A1,50705
2025-06-25,A1,48207
2025-06-26,A1,48569
2025-06-27,A1,44806
2025-06-28,A1,18331
2025-06-29,A1,10623
2025-06-30,A1,51280
2025-07-01,A1,49366
2025-07-02,A1,47218
2025-07-03,A1,46949
2025-07-04,A1,43199
2025-07-05,A1,16142
2025-07-06,A1,9726
2025-07-07,A1,49801
2025-07-08,A1,48143
2025-07-09,A1,46562
2025-07-10,A1,47252
2025-07-11,A1,42541
2025-07-12,A1,16071
2025-07-13,A1,9665
2025-07-14,A1,48658
2025-07-15,A1,47392
2025-07-16,A1,46351
2025-07-17,A1,46465
2025-07-18,A1,42362
2025-07-19,A1,15745
2025-07-20,A1,9578
2025-07-21,A1,47636
2025-07-22,A1,46613
2025-07-23,A1,45204
2025-07-24,A1,45421
2025-07-25,A1,41778
2025-07-26,A1,15616
2025-07-27,A1,9736
2025-07-28,A1,46314
2025-07-29,A1,46224
2025-07-30,A1,45043
2025-07-31,A1,44832
2025-08-01,A1,39924
2025-08-02,A1,15091
2025-08-03,A1,9318
2025-08-04,A1,45988
2025-08-05,A1,45015
2025-08-06,A1,44645
2025-08-07,A1,44626
2025-08-08,A1,40332
2025-08-09,A1,15627
2025-08-10,A1,9598
2025-08-11,A1,46611
2025-08-12,A1,46198
2025-08-13,A1,45443
2025-08-14,A1,39654
2025-08-15,A1,14290
2025-08-16,A1,10081
2025-08-17,A1,9401
2025-08-18,A1,47096
2025-08-19,A1,47418
2025-08-20,A1,46717
2025-08-21,A1,45655
2025-08-22,A1,42031
2025-08-23,A1,15872
2025-08-24,A1,9747
2025-08-25,A1,49095
2025-08-26,A1,48442
2025-08-27,A1,47105
2025-08-28,A1,46102
2025-08-29,A1,43024
2025-08-30,A1,16127
2025-08-31,A1,10044
2025-09-01,A1,49105
2025-09-02,A1,48436
2025-09-03,A1,46840
2025-09-04,A1,47315
2025-09-05,A1,43693
2025-09-06,A1,15810
2025-09-07,A1,11703
2025-09-08,A1,48841
2025-09-09,A1,48649
2025-09-10,A1,47529
2025-09-11,A1,47430
2025-09-12,A1,44142
2025-09-13,A1,16580
2025-09-14,A1,11694
2025-09-15,A1,48376
2025-09-16,A1,48476
2025-09-17,A1,47770
2025-09-18,A1,47928
2025-09-19,A1,44310
2025-09-20,A1,16355
2025-09-21,A1,11993
2025-09-22,A1,49062
2025-09-23,A1,48937
2025-09-24,A1,47254
2025-09-25,A1,48125
2025-09-26,A1,44877
2025-09-27,A1,16488
2025-09-28,A1,12030
2025-09-29,A1,50318
2025-09-30,A1,49882
2025-10-01,A1,48227
2025-10-02,A1,48519
2025-10-03,A1,45394
2025-10-04,A1,15582
2025-10-05,A1,12244
2025-10-06,A1,49329
2025-10-07,A1,49333
2025-10-08,A1,48241
2025-10-09,A1,48462
2025-10-10,A1,44892
2025-10-11,A1,16220
2025-10-12,A1,11970
2025-10-13,A1,49720
2025-10-14,A1,49187
2025-10-15,A1,48843
2025-10-16,A1,48669
2025-10-17,A1,45278
2025-10-18,A1,16562
2025-10-19,A1,11956
2025-10-20,A1,50639
2025-10-21,A1,50273
2025-10-22,A1,49060
2025-10-23,A1,49610
2025-10-24,A1,45293
2025-10-25,A1,17091
2025-10-26,A1,12733
2025-10-27,A1,49741
2025-10-28,A1,48671
2025-10-29,A1,49192
2025-10-30,A1,49245
2025-10-31,A1,41950
2025-11-01,A1,9075
2025-11-02,A1,11734
2025-11-03,A1,49720
2025-11-04,A1,49625
2025-11-05,A1,48828
2025-11-06,A1,49574
2025-11-07,A1,46149
2025-11-08,A1,17285
2025-11-09,A1,10763
2025-11-10,A1,29241
2025-11-11,A1,15247
2025-11-12,A1,50982
2025-11-13,A1,51461
2025-11-14,A1,47470
2025-11-15,A1,17482
2025-11-16,A1,12032
2025-11-17,A1,49060
2025-11-18,A1,51151
2025-11-19,A1,49761
2025-11-20,A1,49987
2025-11-21,A1,46351
2025-11-22,A1,17259
2025-11-23,A1,12237
2025-11-24,A1,50143
2025-11-25,A1,50563
2025-11-26,A1,49173
2025-11-27,A1,50223
2025-11-28,A1,46736
2025-11-29,A1,18021
2025-11-30,A1,12524
2025-12-01,A1,50703
2025-12-02,A1,51465
2025-12-03,A1,50190
2025-12-04,A1,49839
2025-12-05,A1,47290
2025-12-06,A1,18093
2025-12-07,A1,12700
2025-12-08,A1,51229
2025-12-09,A1,50789
2025-12-10,A1,49803
2025-12-11,A1,50464
2025-12-12,A1,47510
2025-12-13,A1,19156
2025-12-14,A1,13612
2025-12-15,A1,52023
2025-12-16,A1,51183
2025-12-17,A1,51297
2025-12-18,A1,51402
2025-12-19,A1,47612
2025-12-20,A1,18689
2025-12-21,A1,11807
2025-12-22,A1,36788
2025-12-23,A1,29312
2025-12-24,A1,5739
2025-12-25,A1,1603
2025-12-26,A1,3513
2025-12-27,A1,6293
2025-12-28,A1,8562
2025-12-29,A1,26511
2025-12-30,A1,25472
2025-12-31,A1,13066
2026-01-01,A1,3807
2026-01-02,A1,16567
2026-01-03,A1,9669
2026-01-04,A1,9518
2026-01-05,A1,24695
2026-01-06,A1,15334
2026-01-07,A1,40381
2026-01-08,A1,42149
2026-01-09,A1,39965
2026-01-10,A1,15764
2026-01-11,A1,11879
2026-01-12,A1,45044
2026-01-13,A1,45639
2026-01-14,A1,45402
2026-01-15,A1,45897
2026-01-16,A1,43224
2026-01-17,A1,16469
2026-01-18,A1,11520
2026-01-19,A1,46769
2026-01-20,A1,47109
2026-01-21,A1,46370
2026-01-22,A1,46131
2026-01-23,A1,42996
2026-01-24,A1,16545
2026-01-25,A1,11667
2026-01-26,A1,46775
2026-01-27,A1,47213
2026-01-28,A1,46252
2026-01-29,A1,46464
2026-01-30,A1,43109
2026-01-31,A1,15878
2026-02-01,A1,10950
2026-02-02,A1,44053
2026-02-03,A1,44313
2026-02-04,A1,44438
2026-02-05,A1,44540
2026-02-06,A1,41932
2026-02-07,A1,15741
2026-02-08,A1,11329
2026-02-09,A1,46104
2026-02-10,A1,46266
2026-02-11,A1,45801
2026-02-12,A1,45822
2026-02-13,A1,42327
2026-02-14,A1,15590
2026-02-15,A1,11028
2026-02-16,A1,45874
2026-02-17,A1,46571
2026-02-18,A1,45799
2026-02-19,A1,45981
2026-02-20,A1,41691
2026-02-21,A1,16028
2026-02-22,A1,11188
2026-02-23,A1,47229
2026-02-24,A1,47519
2026-02-25,A1,46723
2026-02-26,A1,47156
2026-02-27,A1,44136
2026-02-28,A1,16072
2026-03-01,A1,11535
2026-03-02,A1,48705
2026-03-03,A1,48142
2026-03-04,A1,47095
2026-03-05,A1,47721
2026-03-06,A1,44113
2026-03-07,A1,15927
2026-03-08,A1,11539
2026-03-09,A1,48928
2026-03-10,A1,48582
2026-03-11,A1,48058
2026-03-12,A1,47956
2026-03-13,A1,45028
2026-03-14,A1,16152
2026-03-15,A1,11703
2026-03-16,A1,49285
2026-03-17,A1,49740
2026-03-18,A1,48528
2026-03-19,A1,48659
2026-03-20,A1,45603
2026-03-21,A1,16568
2026-03-22,A1,11986
2026-03-23,A1,50092
2026-03-24,A1,49822
2026-03-25,A1,48794
2026-03-26,A1,49384
2026-03-27,A1,45612
2026-03-28,A1,17497
2026-03-29,A1,12744
2026-03-30,A1,50498
2026-03-31,A1,49445
2026-04-01,A1,48598
2026-04-02,A1,47928
2026-04-03,A1,35723
2026-04-04,A1,8884
2026-04-05,A1,2322
2026-04-06,A1,6941
2026-04-07,A1,48101
2026-04-08,A1,47928
2026-04-09,A1,46311
2026-04-10,A1,44042
2026-04-11,A1,17556
2026-04-12,A1,11690
2026-04-13,A1,48971
2026-04-14,A1,48947
2026-04-15,A1,48060
2026-04-16,A1,49032
2026-04-17,A1,45272
2026-04-18,A1,16690
2026-04-19,A1,11937
2026-04-20,A1,50420
2026-04-21,A1,50187
2026-04-22,A1,49280
2026-04-23,A1,49807
2026-04-24,A1,46234
2026-04-25,A1,17551
2026-04-26,A1,13670
2026-04-27,A1,50981
2026-04-28,A1,50071
2026-04-29,A1,49667
2026-04-30,A1,44513
2026-05-01,A1,13674
2026-05-02,A1,9276
2026-05-03,A1,9230
2026-05-04,A1,50345
2026-05-05,A1,49813
2026-05-06,A1,48225
2026-05-07,A1,47722
2026-05-08,A1,43316
2026-05-09,A1,16896
2026-05-10,A1,12143
2026-05-11,A1,49280
2026-05-12,A1,48685
2026-05-13,A1,48345
2026-05-14,A1,49859
2026-05-15,A1,43026
2026-05-16,A1,16269
2026-05-17,A1,11766
2026-05-18,A1,49362
2026-05-19,A1,49625
2026-05-20,A1,49088
2026-05-21,A1,48578
2026-05-22,A1,44983
2026-05-23,A1,16688
2026-05-24,A1,9610
2026-05-25,A1,51910
2026-05-26,A1,48662
2026-05-27,A1,48117
2026-05-28,A1,48680
2026-05-29,A1,46305
2026-05-30,A1,18385
2026-05-31,A1,12429
2026-06-01,A1,50315
2026-06-02,A1,49858
2026-06-03,A1,42904
2026-06-04,A1,16162
2026-06-05,A1,28335
2026-06-06,A1,15193
2026-06-07,A1,12129
2026-06-08,A1,50568
2026-06-09,A1,50726
2026-06-10,A1,49024
2026-06-11,A1,48600
2026-06-12,A1,45326
2026-06-13,A1,16587
2026-06-14,A1,12440
2026-06-15,A1,49793
2026-06-16,A1,49225
2026-06-17,A1,48398
2026-06-18,A1,48602
2026-06-19,A1,44608
2026-06-20,A1,16018
2026-06-21,A1,12143
2026-06-22,A1,49106
2026-06-23,A1,48727
2026-06-24,A1,47712
2026-06-25,A1,47736
2026-06-26,A1,43279
2026-06-27,A1,17584
2026-06-28,A1,10295
2026-06-29,A1,49602
2026-06-30,A1,48708
2026-07-01,A1,47084
2021-10-01,S8,40576
2021-10-02,S8,20286
2021-10-03,S8,14414
2021-10-04,S8,47314
2021-10-05,S8,47766
2021-10-06,S8,47964
2021-10-07,S8,48595
2021-10-08,S8,47150
2021-10-09,S8,21874
2021-10-10,S8,15495
2021-10-11,S8,49119
2021-10-12,S8,50136
2021-10-13,S8,49395
2021-10-14,S8,50617
2021-10-15,S8,48984
2021-10-16,S8,22593
2021-10-17,S8,16307
2021-10-18,S8,51114
2021-10-19,S8,51866
2021-10-20,S8,51168
2021-10-21,S8,50740
2021-10-22,S8,50189
2021-10-23,S8,23417
2021-10-24,S8,16436
2021-10-25,S8,52234
2021-10-26,S8,52637
2021-10-27,S8,51406
2021-10-28,S8,53173
2021-10-29,S8,50360
2021-10-30,S8,23461
2021-10-31,S8,9875
2021-11-01,S8,11014
2021-11-02,S8,54730
2021-11-03,S8,52180
2021-11-04,S8,52654
2021-11-05,S8,51491
2021-11-06,S8,26442
2021-11-07,S8,17620
2021-11-08,S8,52908
2021-11-09,S8,53513
2021-11-10,S8,48841
2021-11-11,S8,20376
2021-11-12,S8,43632
2021-11-13,S8,22647
2021-11-14,S8,16207
2021-11-15,S8,53069
2021-11-16,S8,53324
2021-11-17,S8,52116
2021-11-18,S8,51624
2021-11-19,S8,50905
2021-11-20,S8,24230
2021-11-21,S8,16224
2021-11-22,S8,52680
2021-11-23,S8,53323
2021-11-24,S8,53320
2021-11-25,S8,53608
2021-11-26,S8,51111
2021-11-27,S8,24076
2021-11-28,S8,16795
2021-11-29,S8,53099
2021-11-30,S8,52924
2021-12-01,S8,51883
2021-12-02,S8,52489
2021-12-03,S8,48879
2021-12-04,S8,22933
2021-12-05,S8,16387
2021-12-06,S8,50905
2021-12-07,S8,50916
2021-12-08,S8,50199
2021-12-09,S8,49757
2021-12-10,S8,47975
2021-12-11,S8,23719
2021-12-12,S8,16819
2021-12-13,S8,51310
2021-12-14,S8,51643
2021-12-15,S8,51475
2021-12-16,S8,51308
2021-12-17,S8,49499
2021-12-18,S8,24027
2021-12-19,S8,17934
2021-12-20,S8,48911
2021-12-21,S8,49369
2021-12-22,S8,48643
2021-12-23,S8,40705
2021-12-24,S8,13380
2021-12-25,S8,3096
2021-12-26,S8,5744
2021-12-27,S8,30943
2021-12-28,S8,33988
2021-12-29,S8,33527
2021-12-30,S8,30107
2021-12-31,S8,12926
2022-01-01,S8,2495
2022-01-02,S8,10887
2022-01-03,S8,38966
2022-01-04,S8,40987
2022-01-05,S8,38215
2022-01-06,S8,17566
2022-01-07,S8,30291
2022-01-08,S8,17951
2022-01-09,S8,14556
2022-01-10,S8,46433
2022-01-11,S8,48123
2022-01-12,S8,47764
2022-01-13,S8,48690
2022-01-14,S8,46734
2022-01-15,S8,21536
2022-01-16,S8,15502
2022-01-17,S8,48684
2022-01-18,S8,49938
2022-01-19,S8,49123
2022-01-20,S8,48090
2022-01-21,S8,45604
2022-01-22,S8,22677
2022-01-23,S8,15731
2022-01-24,S8,49160
2022-01-25,S8,49607
2022-01-26,S8,48563
2022-01-27,S8,48887
2022-01-28,S8,46746
2022-01-29,S8,21586
2022-01-30,S8,14893
2022-01-31,S8,48788
2022-02-01,S8,48707
2022-02-02,S8,48236
2022-02-03,S8,48518
2022-02-04,S8,46769
2022-02-05,S8,21419
2022-02-06,S8,15184
2022-02-07,S8,49555
2022-02-08,S8,49508
2022-02-09,S8,49654
2022-02-10,S8,49453
2022-02-11,S8,46772
2022-02-12,S8,21360
2022-02-13,S8,15163
2022-02-14,S8,50191
2022-02-15,S8,49983
2022-02-16,S8,49488
2022-02-17,S8,49257
2022-02-18,S8,47677
2022-02-19,S8,21471
2022-02-20,S8,15357
2022-02-21,S8,50537
2022-02-22,S8,50609
2022-02-23,S8,50282
2022-02-24,S8,50341
2022-02-25,S8,48031
2022-02-26,S8,21794
2022-02-27,S8,15335
2022-02-28,S8,50387
2022-03-01,S8,50691
2022-03-02,S8,49800
2022-03-03,S8,50381
2022-03-04,S8,47970
2022-03-05,S8,21236
2022-03-06,S8,15107
2022-03-07,S8,50780
2022-03-08,S8,50359
2022-03-09,S8,49349
2022-03-10,S8,49959
2022-03-11,S8,48104
2022-03-12,S8,21154
2022-03-13,S8,14551
2022-03-14,S8,49901
2022-03-15,S8,50939
2022-03-16,S8,49767
2022-03-17,S8,50559
2022-03-18,S8,48934
2022-03-19,S8,21749
2022-03-20,S8,15345
2022-03-21,S8,51886
2022-03-22,S8,51677
2022-03-23,S8,51090
2022-03-24,S8,51147
2022-03-25,S8,48952
2022-03-26,S8,21880
2022-03-27,S8,15687
2022-03-28,S8,52356
2022-03-29,S8,51763
2022-03-30,S8,51108
2022-03-31,S8,51149
2022-04-01,S8,48366
2022-04-02,S8,21206
2022-04-03,S8,15645
2022-04-04,S8,51905
2022-04-05,S8,51596
2022-04-06,S8,51027
2022-04-07,S8,50902
2022-04-08,S8,49380
2022-04-09,S8,22370
2022-04-10,S8,16737
2022-04-11,S8,51303
2022-04-12,S8,50764
2022-04-13,S8,50907
2022-04-14,S8,50206
2022-04-15,S8,39928
2022-04-16,S8,11346
2022-04-17,S8,3602
2022-04-18,S8,8085
2022-04-19,S8,51314
2022-04-20,S8,49385
2022-04-21,S8,47770
2022-04-22,S8,47247
2022-04-23,S8,22547
2022-04-24,S8,15323
2022-04-25,S8,50492
2022-04-26,S8,51012
2022-04-27,S8,50693
2022-04-28,S8,51372
2022-04-29,S8,49774
2022-04-30,S8,21173
2022-05-01,S8,9679
2022-05-02,S8,28359
2022-05-03,S8,14113
2022-05-04,S8,51737
2022-05-05,S8,51041
2022-05-06,S8,48238
2022-05-07,S8,21301
2022-05-08,S8,14464
2022-05-09,S8,51155
2022-05-10,S8,51033
2022-05-11,S8,50952
2022-05-12,S8,51494
2022-05-13,S8,49398
2022-05-14,S8,21234
2022-05-15,S8,14414
2022-05-16,S8,52786
2022-05-17,S8,52168
2022-05-18,S8,51175
2022-05-19,S8,51916
2022-05-20,S8,49288
2022-05-21,S8,21254
2022-05-22,S8,15181
2022-05-23,S8,52888
2022-05-24,S8,51043
2022-05-25,S8,50734
2022-05-26,S8,52506
2022-05-27,S8,47643
2022-05-28,S8,20357
2022-05-29,S8,15005
2022-05-30,S8,51599
2022-05-31,S8,51446
2022-06-01,S8,51195
2022-06-02,S8,51227
2022-06-03,S8,48742
2022-06-04,S8,20116
2022-06-05,S8,11696
2022-06-06,S8,54687
2022-06-07,S8,50467
2022-06-08,S8,48850
2022-06-09,S8,50133
2022-06-10,S8,49285
2022-06-11,S8,22113
2022-06-12,S8,15855
2022-06-13,S8,52138
2022-06-14,S8,51670
2022-06-15,S8,46920
2022-06-16,S8,17933
2022-06-17,S8,34200
2022-06-18,S8,19385
2022-06-19,S8,14668
2022-06-20,S8,51912
2022-06-21,S8,51635
2022-06-22,S8,50558
2022-06-23,S8,50200
2022-06-24,S8,46904
2022-06-25,S8,20986
2022-06-26,S8,12318
2022-06-27,S8,52653
2022-06-28,S8,50376
2022-06-29,S8,49594
2022-06-30,S8,50431
2022-07-01,S8,46498
2022-07-02,S8,20469
2022-07-03,S8,11473
2022-07-04,S8,50962
2022-07-05,S8,48868
2022-07-06,S8,47404
2022-07-07,S8,48090
2022-07-08,S8,45765
2022-07-09,S8,20893
2022-07-10,S8,11596
2022-07-11,S8,50792
2022-07-12,S8,49007
2022-07-13,S8,48032
2022-07-14,S8,48352
2022-07-15,S8,45480
2022-07-16,S8,19752
2022-07-17,S8,11546
2022-07-18,S8,50119
2022-07-19,S8,48152
2022-07-20,S8,46782
2022-07-21,S8,47520
2022-07-22,S8,44660
2022-07-23,S8,19342
2022-07-24,S8,10965
2022-07-25,S8,48898
2022-07-26,S8,47856
2022-07-27,S8,47122
2022-07-28,S8,46877
2022-07-29,S8,43952
2022-07-30,S8,19750
2022-07-31,S8,11044
2022-08-01,S8,48559
2022-08-02,S8,47211
2022-08-03,S8,45982
2022-08-04,S8,46449
2022-08-05,S8,43046
2022-08-06,S8,19352
2022-08-07,S8,10893
2022-08-08,S8,48851
2022-08-09,S8,47662
2022-08-10,S8,46835
2022-08-11,S8,47548
2022-08-12,S8,44021
2022-08-13,S8,19274
2022-08-14,S8,7781
2022-08-15,S8,12195
2022-08-16,S8,48975
2022-08-17,S8,48494
2022-08-18,S8,47287
2022-08-19,S8,44549
2022-08-20,S8,20386
2022-08-21,S8,11269
2022-08-22,S8,49110
2022-08-23,S8,48603
2022-08-24,S8,47769
2022-08-25,S8,48334
2022-08-26,S8,45470
2022-08-27,S8,20230
2022-08-28,S8,11340
2022-08-29,S8,51332
2022-08-30,S8,49565
2022-08-31,S8,48568
2022-09-01,S8,48525
2022-09-02,S8,46282
2022-09-03,S8,20171
2022-09-04,S8,13582
2022-09-05,S8,49899
2022-09-06,S8,49329
2022-09-07,S8,48699
2022-09-08,S8,48630
2022-09-09,S8,46798
2022-09-10,S8,20113
2022-09-11,S8,14259
2022-09-12,S8,49930
2022-09-13,S8,49577
2022-09-14,S8,49056
2022-09-15,S8,49662
2022-09-16,S8,47439
2022-09-17,S8,20875
2022-09-18,S8,14857
2022-09-19,S8,50549
2022-09-20,S8,50166
2022-09-21,S8,49846
2022-09-22,S8,50120
2022-09-23,S8,47460
2022-09-24,S8,20729
2022-09-25,S8,14340
2022-09-26,S8,50195
2022-09-27,S8,48962
2022-09-28,S8,49574
2022-09-29,S8,50456
2022-09-30,S8,48296
2022-10-01,S8,21064
2022-10-02,S8,13994
2022-10-03,S8,51883
2022-10-04,S8,50154
2022-10-05,S8,48834
2022-10-06,S8,49360
2022-10-07,S8,47606
2022-10-08,S8,21758
2022-10-09,S8,14518
2022-10-10,S8,50635
2022-10-11,S8,50186
2022-10-12,S8,49664
2022-10-13,S8,49730
2022-10-14,S8,48004
2022-10-15,S8,21256
2022-10-16,S8,14761
2022-10-17,S8,51149
2022-10-18,S8,50910
2022-10-19,S8,49712
2022-10-20,S8,50229
2022-10-21,S8,48550
2022-10-22,S8,21447
2022-10-23,S8,14921
2022-10-24,S8,51492
2022-10-25,S8,51211
2022-10-26,S8,50493
2022-10-27,S8,51292
2022-10-28,S8,49468
2022-10-29,S8,22243
2022-10-30,S8,13198
2022-10-31,S8,30247
2022-11-01,S8,13549
2022-11-02,S8,51209
2022-11-03,S8,48844
2022-11-04,S8,48829
2022-11-05,S8,22950
2022-11-06,S8,15304
2022-11-07,S8,51258
2022-11-08,S8,51618
2022-11-09,S8,51864
2022-11-10,S8,48045
2022-11-11,S8,17691
2022-11-12,S8,18410
2022-11-13,S8,15351
2022-11-14,S8,52572
2022-11-15,S8,52058
2022-11-16,S8,50894
2022-11-17,S8,50755
2022-11-18,S8,48504
2022-11-19,S8,21986
2022-11-20,S8,14747
2022-11-21,S8,50501
2022-11-22,S8,51219
2022-11-23,S8,50599
2022-11-24,S8,50563
2022-11-25,S8,48344
2022-11-26,S8,19206
2022-11-27,S8,13403
2022-11-28,S8,47104
2022-11-29,S8,47226
2022-11-30,S8,46351
2022-12-01,S8,46137
2022-12-02,S8,43811
2022-12-03,S8,18708
2022-12-04,S8,13123
2022-12-05,S8,46683
2022-12-06,S8,46481
2022-12-07,S8,45922
2022-12-08,S8,46380
2022-12-09,S8,43699
2022-12-10,S8,19270
2022-12-11,S8,13385
2022-12-12,S8,42822
2022-12-13,S8,45020
2022-12-14,S8,44007
2022-12-15,S8,44912
2022-12-16,S8,41681
2022-12-17,S8,20190
2022-12-18,S8,14135
2022-12-19,S8,42478
2022-12-20,S8,43223
2022-12-21,S8,43869
2022-12-22,S8,41673
2022-12-23,S8,30344
2022-12-24,S8,8002
2022-12-25,S8,2292
2022-12-26,S8,5540
2022-12-27,S8,29049
2022-12-28,S8,32171
2022-12-29,S8,30524
2022-12-30,S8,24910
2022-12-31,S8,7844
2023-01-01,S8,4180
2023-01-02,S8,31208
2023-01-03,S8,34403
2023-01-04,S8,35261
2023-01-05,S8,32890
2023-01-06,S8,12321
2023-01-07,S8,10700
2023-01-08,S8,10649
2023-01-09,S8,40540
2023-01-10,S8,41985
2023-01-11,S8,41961
2023-01-12,S8,42458
2023-01-13,S8,40141
2023-01-14,S8,16375
2023-01-15,S8,11836
2023-01-16,S8,43296
2023-01-17,S8,43385
2023-01-18,S8,42459
2023-01-19,S8,42399
2023-01-20,S8,40079
2023-01-21,S8,15999
2023-01-22,S8,12214
2023-01-23,S8,42545
2023-01-24,S8,42964
2023-01-25,S8,42407
2023-01-26,S8,42633
2023-01-27,S8,40273
2023-01-28,S8,16735
2023-01-29,S8,12293
2023-01-30,S8,42637
2023-01-31,S8,43166
2023-02-01,S8,41966
2023-02-02,S8,41768
2023-02-03,S8,38993
2023-02-04,S8,17113
2023-02-05,S8,12053
2023-02-06,S8,41433
2023-02-07,S8,42149
2023-02-08,S8,42046
2023-02-09,S8,41730
2023-02-10,S8,39777
2023-02-11,S8,16591
2023-02-12,S8,12162
2023-02-13,S8,42543
2023-02-14,S8,42698
2023-02-15,S8,42361
2023-02-16,S8,42642
2023-02-17,S8,39636
2023-02-18,S8,16503
2023-02-19,S8,12257
2023-02-20,S8,42337
2023-02-21,S8,42439
2023-02-22,S8,42416
2023-02-23,S8,42651
2023-02-24,S8,40574
2023-02-25,S8,16985
2023-02-26,S8,12434
2023-02-27,S8,43495
2023-02-28,S8,43675
2023-03-01,S8,43120
2023-03-02,S8,42875
2023-03-03,S8,40851
2023-03-04,S8,16837
2023-03-05,S8,12482
2023-03-06,S8,43856
2023-03-07,S8,43700
2023-03-08,S8,43081
2023-03-09,S8,42996
2023-03-10,S8,40326
2023-03-11,S8,16814
2023-03-12,S8,12484
2023-03-13,S8,43691
2023-03-14,S8,44057
2023-03-15,S8,44220
2023-03-16,S8,43936
2023-03-17,S8,41681
2023-03-18,S8,17098
2023-03-19,S8,12532
2023-03-20,S8,44376
2023-03-21,S8,45207
2023-03-22,S8,44623
2023-03-23,S8,44564
2023-03-24,S8,41885
2023-03-25,S8,17211
2023-03-26,S8,12633
2023-03-27,S8,45280
2023-03-28,S8,44996
2023-03-29,S8,45534
2023-03-30,S8,44406
2023-03-31,S8,42508
2023-04-01,S8,18275
2023-04-02,S8,13740
2023-04-03,S8,45063
2023-04-04,S8,45087
2023-04-05,S8,44350
2023-04-06,S8,43474
2023-04-07,S8,33914
2023-04-08,S8,9550
2023-04-09,S8,3518
2023-04-10,S8,7324
2023-04-11,S8,44045
2023-04-12,S8,43126
2023-04-13,S8,42580
2023-04-14,S8,42117
2023-04-15,S8,18739
2023-04-16,S8,12933
2023-04-17,S8,44251
2023-04-18,S8,44877
2023-04-19,S8,44834
2023-04-20,S8,45950
2023-04-21,S8,43742
2023-04-22,S8,17917
2023-04-23,S8,12990
2023-04-24,S8,46392
2023-04-25,S8,46485
2023-04-26,S8,46191
2023-04-27,S8,47031
2023-04-28,S8,44760
2023-04-29,S8,19291
2023-04-30,S8,7812
2023-05-01,S8,8547
2023-05-02,S8,23083
2023-05-03,S8,12508
2023-05-04,S8,41266
2023-05-05,S8,40181
2023-05-06,S8,18268
2023-05-07,S8,12090
2023-05-08,S8,44885
2023-05-09,S8,45004
2023-05-10,S8,45579
2023-05-11,S8,45498
2023-05-12,S8,43356
2023-05-13,S8,18099
2023-05-14,S8,13014
2023-05-15,S8,45413
2023-05-16,S8,44794
2023-05-17,S8,44735
2023-05-18,S8,46251
2023-05-19,S8,41374
2023-05-20,S8,17291
2023-05-21,S8,12496
2023-05-22,S8,45526
2023-05-23,S8,45367
2023-05-24,S8,45179
2023-05-25,S8,45582
2023-05-26,S8,43339
2023-05-27,S8,17865
2023-05-28,S8,10186
2023-05-29,S8,48724
2023-05-30,S8,45132
2023-05-31,S8,44724
2023-06-01,S8,49987
2023-06-02,S8,48989
2023-06-03,S8,22304
2023-06-04,S8,16107
2023-06-05,S8,51747
2023-06-06,S8,51278
2023-06-07,S8,47130
2023-06-08,S8,17943
2023-06-09,S8,34129
2023-06-10,S8,19117
2023-06-11,S8,15000
2023-06-12,S8,51677
2023-06-13,S8,51064
2023-06-14,S8,50321
2023-06-15,S8,50307
2023-06-16,S8,48325
2023-06-17,S8,21298
2023-06-18,S8,14988
2023-06-19,S8,51137
2023-06-20,S8,50745
2023-06-21,S8,49457
2023-06-22,S8,49881
2023-06-23,S8,46241
2023-06-24,S8,21060
2023-06-25,S8,12462
2023-06-26,S8,52131
2023-06-27,S8,49731
2023-06-28,S8,49148
2023-06-29,S8,49504
2023-06-30,S8,46470
2023-07-01,S8,20517
2023-07-02,S8,11535
2023-07-03,S8,51681
2023-07-04,S8,49252
2023-07-05,S8,47848
2023-07-06,S8,47269
2023-07-07,S8,44282
2023-07-08,S8,19986
2023-07-09,S8,11465
2023-07-10,S8,50626
2023-07-11,S8,48530
2023-07-12,S8,47519
2023-07-13,S8,48171
2023-07-14,S8,45056
2023-07-15,S8,19788
2023-07-16,S8,11287
2023-07-17,S8,49816
2023-07-18,S8,48518
2023-07-19,S8,47278
2023-07-20,S8,47496
2023-07-21,S8,44265
2023-07-22,S8,19965
2023-07-23,S8,11148
2023-07-24,S8,48822
2023-07-25,S8,47167
2023-07-26,S8,46185
2023-07-27,S8,47348
2023-07-28,S8,43841
2023-07-29,S8,20067
2023-07-30,S8,11287
2023-07-31,S8,48942
2023-08-01,S8,47249
2023-08-02,S8,45859
2023-08-03,S8,46411
2023-08-04,S8,43428
2023-08-05,S8,19385
2023-08-06,S8,11064
2023-08-07,S8,48425
2023-08-08,S8,47777
2023-08-09,S8,47292
2023-08-10,S8,47650
2023-08-11,S8,44773
2023-08-12,S8,20247
2023-08-13,S8,10766
2023-08-14,S8,31961
2023-08-15,S8,15664
2023-08-16,S8,48000
2023-08-17,S8,47361
2023-08-18,S8,44051
2023-08-19,S8,20324
2023-08-20,S8,11373
2023-08-21,S8,49810
2023-08-22,S8,48665
2023-08-23,S8,48401
2023-08-24,S8,48788
2023-08-25,S8,45572
2023-08-26,S8,20306
2023-08-27,S8,11752
2023-08-28,S8,50985
2023-08-29,S8,49782
2023-08-30,S8,47768
2023-08-31,S8,49319
2023-09-01,S8,45789
2023-09-02,S8,20349
2023-09-03,S8,12139
2023-09-04,S8,51025
2023-09-05,S8,49872
2023-09-06,S8,48993
2023-09-07,S8,49554
2023-09-08,S8,47392
2023-09-09,S8,20895
2023-09-10,S8,14309
2023-09-11,S8,50184
2023-09-12,S8,50070
2023-09-13,S8,49312
2023-09-14,S8,49928
2023-09-15,S8,47847
2023-09-16,S8,20914
2023-09-17,S8,14687
2023-09-18,S8,51375
2023-09-19,S8,50416
2023-09-20,S8,49865
2023-09-21,S8,50129
2023-09-22,S8,47893
2023-09-23,S8,20791
2023-09-24,S8,14526
2023-09-25,S8,51127
2023-09-26,S8,50598
2023-09-27,S8,50033
2023-09-28,S8,50721
2023-09-29,S8,48218
2023-09-30,S8,21287
2023-10-01,S8,15535
2023-10-02,S8,49146
2023-10-03,S8,52097
2023-10-04,S8,48486
2023-10-05,S8,48851
2023-10-06,S8,47900
2023-10-07,S8,21187
2023-10-08,S8,14623
2023-10-09,S8,50396
2023-10-10,S8,50961
2023-10-11,S8,50034
2023-10-12,S8,50405
2023-10-13,S8,48599
2023-10-14,S8,21264
2023-10-15,S8,14750
2023-10-16,S8,51082
2023-10-17,S8,50872
2023-10-18,S8,50372
2023-10-19,S8,50831
2023-10-20,S8,48291
2023-10-21,S8,21374
2023-10-22,S8,14777
2023-10-23,S8,51599
2023-10-24,S8,51278
2023-10-25,S8,50109
2023-10-26,S8,50991
2023-10-27,S8,49018
2023-10-28,S8,22314
2023-10-29,S8,15721
2023-10-30,S8,48552
2023-10-31,S8,45068
2023-11-01,S8,14774
2023-11-02,S8,45545
2023-11-03,S8,44707
2023-11-04,S8,21014
2023-11-05,S8,14954
2023-11-06,S8,50607
2023-11-07,S8,51021
2023-11-08,S8,50286
2023-11-09,S8,50911
2023-11-10,S8,45759
2023-11-11,S8,14376
2023-11-12,S8,16266
2023-11-13,S8,51152
2023-11-14,S8,51441
2023-11-15,S8,50279
2023-11-16,S8,50793
2023-11-17,S8,48641
2023-11-18,S8,20603
2023-11-19,S8,14955
2023-11-20,S8,51009
2023-11-21,S8,51037
2023-11-22,S8,50255
2023-11-23,S8,50320
2023-11-24,S8,48691
2023-11-25,S8,21369
2023-11-26,S8,15130
2023-11-27,S8,51358
2023-11-28,S8,50942
2023-11-29,S8,49931
2023-11-30,S8,50847
2023-12-01,S8,47995
2023-12-02,S8,20814
2023-12-03,S8,14712
2023-12-04,S8,49671
2023-12-05,S8,50176
2023-12-06,S8,48880
2023-12-07,S8,50061
2023-12-08,S8,48103
2023-12-09,S8,21615
2023-12-10,S8,15499
2023-12-11,S8,50295
2023-12-12,S8,50602
2023-12-13,S8,50113
2023-12-14,S8,50708
2023-12-15,S8,48012
2023-12-16,S8,22270
2023-12-17,S8,15997
2023-12-18,S8,50566
2023-12-19,S8,50176
2023-12-20,S8,50217
2023-12-21,S8,48429
2023-12-22,S8,39333
2023-12-23,S8,13781
2023-12-24,S8,3570
2023-12-25,S8,2468
2023-12-26,S8,6141
2023-12-27,S8,28423
2023-12-28,S8,31200
2023-12-29,S8,27864
2023-12-30,S8,11409
2023-12-31,S8,3139
2024-01-01,S8,5055
2024-01-02,S8,33474
2024-01-03,S8,37847
2024-01-04,S8,38523
2024-01-05,S8,37294
2024-01-06,S8,13191
2024-01-07,S8,12343
2024-01-08,S8,41718
2024-01-09,S8,43169
2024-01-10,S8,43819
2024-01-11,S8,44995
2024-01-12,S8,43304
2024-01-13,S8,19020
2024-01-14,S8,13534
2024-01-15,S8,46005
2024-01-16,S8,47024
2024-01-17,S8,46015
2024-01-18,S8,45429
2024-01-19,S8,43768
2024-01-20,S8,19663
2024-01-21,S8,13846
2024-01-22,S8,46483
2024-01-23,S8,47387
2024-01-24,S8,46373
2024-01-25,S8,46545
2024-01-26,S8,44659
2024-01-27,S8,19622
2024-01-28,S8,14014
2024-01-29,S8,47639
2024-01-30,S8,48036
2024-01-31,S8,47164
2024-02-01,S8,47015
2024-02-02,S8,44997
2024-02-03,S8,18590
2024-02-04,S8,13516
2024-02-05,S8,47380
2024-02-06,S8,48085
2024-02-07,S8,47272
2024-02-08,S8,48191
2024-02-09,S8,43599
2024-02-10,S8,19242
2024-02-11,S8,13481
2024-02-12,S8,47904
2024-02-13,S8,48123
2024-02-14,S8,47234
2024-02-15,S8,46880
2024-02-16,S8,45859
2024-02-17,S8,18609
2024-02-18,S8,13678
2024-02-19,S8,48327
2024-02-20,S8,48550
2024-02-21,S8,51658
2024-02-22,S8,48932
2024-02-23,S8,46127
2024-02-24,S8,19552
2024-02-25,S8,14357
2024-02-26,S8,50612
2024-02-27,S8,48752
2024-02-28,S8,49011
2024-02-29,S8,49186
2024-03-01,S8,45883
2024-03-02,S8,19100
2024-03-03,S8,13769
2024-03-04,S8,50699
2024-03-05,S8,50020
2024-03-06,S8,48532
2024-03-07,S8,49726
2024-03-08,S8,47684
2024-03-09,S8,20028
2024-03-10,S8,14198
2024-03-11,S8,50371
2024-03-12,S8,51128
2024-03-13,S8,52000
2024-03-14,S8,51406
2024-03-15,S8,48328
2024-03-16,S8,19969
2024-03-17,S8,15197
2024-03-18,S8,52918
2024-03-19,S8,54463
2024-03-20,S8,46633
2024-03-21,S8,56394
2024-03-22,S8,49863
2024-03-23,S8,22226
2024-03-24,S8,16613
2024-03-25,S8,52298
2024-03-26,S8,51598
2024-03-27,S8,51248
2024-03-28,S8,50741
2024-03-29,S8,40327
2024-03-30,S8,11329
2024-03-31,S8,3898
2024-04-01,S8,8399
2024-04-02,S8,49559
2024-04-03,S8,49516
2024-04-04,S8,48561
2024-04-05,S8,47530
2024-04-06,S8,21824
2024-04-07,S8,14789
2024-04-08,S8,50964
2024-04-09,S8,50966
2024-04-10,S8,50615
2024-04-11,S8,50643
2024-04-12,S8,48679
2024-04-13,S8,20591
2024-04-14,S8,14480
2024-04-15,S8,52025
2024-04-16,S8,51635
2024-04-17,S8,51285
2024-04-18,S8,51282
2024-04-19,S8,48871
2024-04-20,S8,20350
2024-04-21,S8,14807
2024-04-22,S8,52073
2024-04-23,S8,52657
2024-04-24,S8,52501
2024-04-25,S8,53529
2024-04-26,S8,51731
2024-04-27,S8,23083
2024-04-28,S8,16728
2024-04-29,S8,48533
2024-04-30,S8,44592
2024-05-01,S8,16265
2024-05-02,S8,24633
2024-05-03,S8,12755
2024-05-04,S8,15926
2024-05-05,S8,14749
2024-05-06,S8,51383
2024-05-07,S8,51135
2024-05-08,S8,51490
2024-05-09,S8,52096
2024-05-10,S8,47957
2024-05-11,S8,21489
2024-05-12,S8,15128
2024-05-13,S8,51855
2024-05-14,S8,52429
2024-05-15,S8,51448
2024-05-16,S8,52164
2024-05-17,S8,50679
2024-05-18,S8,20985
2024-05-19,S8,11896
2024-05-20,S8,55778
2024-05-21,S8,52515
2024-05-22,S8,51181
2024-05-23,S8,51491
2024-05-24,S8,50395
2024-05-25,S8,22418
2024-05-26,S8,15673
2024-05-27,S8,53670
2024-05-28,S8,53833
2024-05-29,S8,48985
2024-05-30,S8,18631
2024-05-31,S8,35103
2024-06-01,S8,19037
2024-06-02,S8,15193
2024-06-03,S8,53182
2024-06-04,S8,53399
2024-06-05,S8,51978
2024-06-06,S8,51620
2024-06-07,S8,49402
2024-06-08,S8,21097
2024-06-09,S8,15001
2024-06-10,S8,52349
2024-06-11,S8,52852
2024-06-12,S8,51674
2024-06-13,S8,51452
2024-06-14,S8,49136
2024-06-15,S8,20324
2024-06-16,S8,14691
2024-06-17,S8,52124
2024-06-18,S8,52030
2024-06-19,S8,51158
2024-06-20,S8,51343
2024-06-21,S8,47377
2024-06-22,S8,20789
2024-06-23,S8,12120
2024-06-24,S8,52781
2024-06-25,S8,50195
2024-06-26,S8,50201
2024-06-27,S8,49822
2024-06-28,S8,46933
2024-06-29,S8,21104
2024-06-30,S8,12068
2024-07-01,S8,51913
2024-07-02,S8,50240
2024-07-03,S8,49173
2024-07-04,S8,49295
2024-07-05,S8,46418
2024-07-06,S8,19542
2024-07-07,S8,11624
2024-07-08,S8,51634
2024-07-09,S8,49965
2024-07-10,S8,48847
2024-07-11,S8,48769
2024-07-12,S8,45969
2024-07-13,S8,19644
2024-07-14,S8,11365
2024-07-15,S8,50570
2024-07-16,S8,49234
2024-07-17,S8,48426
2024-07-18,S8,48308
2024-07-19,S8,45299
2024-07-20,S8,19408
2024-07-21,S8,11091
2024-07-22,S8,49617
2024-07-23,S8,48939
2024-07-24,S8,47751
2024-07-25,S8,48192
2024-07-26,S8,45139
2024-07-27,S8,19496
2024-07-28,S8,11214
2024-07-29,S8,50254
2024-07-30,S8,49624
2024-07-31,S8,48265
2024-08-01,S8,48054
2024-08-02,S8,44327
2024-08-03,S8,18972
2024-08-04,S8,11172
2024-08-05,S8,49511
2024-08-06,S8,48885
2024-08-07,S8,48233
2024-08-08,S8,48429
2024-08-09,S8,45346
2024-08-10,S8,19795
2024-08-11,S8,11291
2024-08-12,S8,50323
2024-08-13,S8,49356
2024-08-14,S8,44333
2024-08-15,S8,17138
2024-08-16,S8,31850
2024-08-17,S8,17525
2024-08-18,S8,11071
2024-08-19,S8,49948
2024-08-20,S8,48672
2024-08-21,S8,48449
2024-08-22,S8,49174
2024-08-23,S8,46049
2024-08-24,S8,20831
2024-08-25,S8,11836
2024-08-26,S8,52562
2024-08-27,S8,50750
2024-08-28,S8,50083
2024-08-29,S8,50694
2024-08-30,S8,46848
2024-08-31,S8,20139
2024-09-01,S8,11566
2024-09-02,S8,51596
2024-09-03,S8,50785
2024-09-04,S8,49620
2024-09-05,S8,50670
2024-09-06,S8,47570
2024-09-07,S8,19971
2024-09-08,S8,13907
2024-09-09,S8,50459
2024-09-10,S8,50801
2024-09-11,S8,50458
2024-09-12,S8,50116
2024-09-13,S8,48311
2024-09-14,S8,20202
2024-09-15,S8,14313
2024-09-16,S8,50900
2024-09-17,S8,51631
2024-09-18,S8,51054
2024-09-19,S8,50841
2024-09-20,S8,48939
2024-09-21,S8,20818
2024-09-22,S8,14483
2024-09-23,S8,52177
2024-09-24,S8,51958
2024-09-25,S8,51142
2024-09-26,S8,51168
2024-09-27,S8,49504
2024-09-28,S8,21212
2024-09-29,S8,14925
2024-09-30,S8,52371
2024-10-01,S8,51400
2024-10-02,S8,49765
2024-10-03,S8,50970
2024-10-04,S8,46946
2024-10-05,S8,20664
2024-10-06,S8,14619
2024-10-07,S8,51969
2024-10-08,S8,51488
2024-10-09,S8,50880
2024-10-10,S8,50656
2024-10-11,S8,48965
2024-10-12,S8,20815
2024-10-13,S8,14365
2024-10-14,S8,51573
2024-10-15,S8,52273
2024-10-16,S8,51362
2024-10-17,S8,51883
2024-10-18,S8,49729
2024-10-19,S8,20896
2024-10-20,S8,14797
2024-10-21,S8,52818
2024-10-22,S8,52724
2024-10-23,S8,52014
2024-10-24,S8,51914
2024-10-25,S8,50274
2024-10-26,S8,21474
2024-10-27,S8,15666
2024-10-28,S8,52911
2024-10-29,S8,52476
2024-10-30,S8,51519
2024-10-31,S8,46535
2024-11-01,S8,12681
2024-11-02,S8,13236
2024-11-03,S8,14859
2024-11-04,S8,53181
2024-11-05,S8,53396
2024-11-06,S8,52440
2024-11-07,S8,53351
2024-11-08,S8,51257
2024-11-09,S8,22069
2024-11-10,S8,11044
2024-11-11,S8,13262
2024-11-12,S8,55971
2024-11-13,S8,54406
2024-11-14,S8,53557
2024-11-15,S8,51362
2024-11-16,S8,22336
2024-11-17,S8,15008
2024-11-18,S8,54098
2024-11-19,S8,53163
2024-11-20,S8,52395
2024-11-21,S8,52165
2024-11-22,S8,48945
2024-11-23,S8,21565
2024-11-24,S8,14976
2024-11-25,S8,53068
2024-11-26,S8,53017
2024-11-27,S8,52431
2024-11-28,S8,52110
2024-11-29,S8,50673
2024-11-30,S8,21589
2024-12-01,S8,15055
2024-12-02,S8,52752
2024-12-03,S8,53009
2024-12-04,S8,52068
2024-12-05,S8,52235
2024-12-06,S8,50450
2024-12-07,S8,21653
2024-12-08,S8,15339
2024-12-09,S8,52904
2024-12-10,S8,53211
2024-12-11,S8,52178
2024-12-12,S8,52519
2024-12-13,S8,50822
2024-12-14,S8,22517
2024-12-15,S8,16259
2024-12-16,S8,52288
2024-12-17,S8,52756
2024-12-18,S8,52741
2024-12-19,S8,53000
2024-12-20,S8,49634
2024-12-21,S8,20949
2024-12-22,S8,11791
2024-12-23,S8,31597
2024-12-24,S8,12348
2024-12-25,S8,2443
2024-12-26,S8,5615
2024-12-27,S8,21210
2024-12-28,S8,12838
2024-12-29,S8,9241
2024-12-30,S8,25594
2024-12-31,S8,15619
2025-01-01,S8,5253
2025-01-02,S8,28697
2025-01-03,S8,31885
2025-01-04,S8,15342
2025-01-05,S8,8408
2025-01-06,S8,13769
2025-01-07,S8,46681
2025-01-08,S8,47580
2025-01-09,S8,47441
2025-01-10,S8,46039
2025-01-11,S8,19838
2025-01-12,S8,14334
2025-01-13,S8,48593
2025-01-14,S8,49430
2025-01-15,S8,48342
2025-01-16,S8,48899
2025-01-17,S8,46876
2025-01-18,S8,19519
2025-01-19,S8,13950
2025-01-20,S8,49892
2025-01-21,S8,50305
2025-01-22,S8,48820
2025-01-23,S8,48566
2025-01-24,S8,47024
2025-01-25,S8,19476
2025-01-26,S8,14035
2025-01-27,S8,49846
2025-01-28,S8,50672
2025-01-29,S8,49703
2025-01-30,S8,49470
2025-01-31,S8,47304
2025-02-01,S8,19073
2025-02-02,S8,13558
2025-02-03,S8,49549
2025-02-04,S8,49503
2025-02-05,S8,48269
2025-02-06,S8,48032
2025-02-07,S8,45798
2025-02-08,S8,18993
2025-02-09,S8,13616
2025-02-10,S8,48554
2025-02-11,S8,48967
2025-02-12,S8,48180
2025-02-13,S8,47894
2025-02-14,S8,45046
2025-02-15,S8,18734
2025-02-16,S8,13467
2025-02-17,S8,48100
2025-02-18,S8,47860
2025-02-19,S8,47542
2025-02-20,S8,47579
2025-02-21,S8,45364
2025-02-22,S8,18685
2025-02-23,S8,13928
2025-02-24,S8,49393
2025-02-25,S8,50459
2025-02-26,S8,49765
2025-02-27,S8,49606
2025-02-28,S8,47291
2025-03-01,S8,19015
2025-03-02,S8,13974
2025-03-03,S8,50274
2025-03-04,S8,50726
2025-03-05,S8,50251
2025-03-06,S8,50030
2025-03-07,S8,47973
2025-03-08,S8,19480
2025-03-09,S8,14303
2025-03-10,S8,51303
2025-03-11,S8,51641
2025-03-12,S8,50640
2025-03-13,S8,50483
2025-03-14,S8,48732
2025-03-15,S8,20027
2025-03-16,S8,14213
2025-03-17,S8,51746
2025-03-18,S8,52458
2025-03-19,S8,51519
2025-03-20,S8,51439
2025-03-21,S8,49775
2025-03-22,S8,20024
2025-03-23,S8,14529
2025-03-24,S8,52681
2025-03-25,S8,53304
2025-03-26,S8,52482
2025-03-27,S8,51921
2025-03-28,S8,50176
2025-03-29,S8,20230
2025-03-30,S8,14312
2025-03-31,S8,52972
2025-04-01,S8,53012
2025-04-02,S8,52049
2025-04-03,S8,51964
2025-04-04,S8,50219
2025-04-05,S8,20465
2025-04-06,S8,14807
2025-04-07,S8,52981
2025-04-08,S8,53128
2025-04-09,S8,52365
2025-04-10,S8,52688
2025-04-11,S8,50303
2025-04-12,S8,21583
2025-04-13,S8,16193
2025-04-14,S8,52882
2025-04-15,S8,53367
2025-04-16,S8,52526
2025-04-17,S8,51709
2025-04-18,S8,41781
2025-04-19,S8,10949
2025-04-20,S8,3658
2025-04-21,S8,8506
2025-04-22,S8,51145
2025-04-23,S8,51308
2025-04-24,S8,51590
2025-04-25,S8,50780
2025-04-26,S8,24029
2025-04-27,S8,17392
2025-04-28,S8,51869
2025-04-29,S8,52364
2025-04-30,S8,47793
2025-05-01,S8,15939
2025-05-02,S8,21860
2025-05-03,S8,10538
2025-05-04,S8,16116
2025-05-05,S8,52041
2025-05-06,S8,52514
2025-05-07,S8,52110
2025-05-08,S8,52350
2025-05-09,S8,49216
2025-05-10,S8,20549
2025-05-11,S8,14810
2025-05-12,S8,52540
2025-05-13,S8,52388
2025-05-14,S8,51710
2025-05-15,S8,52220
2025-05-16,S8,49449
2025-05-17,S8,19828
2025-05-18,S8,14636
2025-05-19,S8,53040
2025-05-20,S8,53124
2025-05-21,S8,52115
2025-05-22,S8,51953
2025-05-23,S8,50242
2025-05-24,S8,20394
2025-05-25,S8,15924
2025-05-26,S8,52905
2025-05-27,S8,52692
2025-05-28,S8,52279
2025-05-29,S8,53218
2025-05-30,S8,48459
2025-05-31,S8,19842
2025-06-01,S8,14920
2025-06-02,S8,52333
2025-06-03,S8,51623
2025-06-04,S8,51019
2025-06-05,S8,51260
2025-06-06,S8,49651
2025-06-07,S8,20472
2025-06-08,S8,12137
2025-06-09,S8,55436
2025-06-10,S8,51556
2025-06-11,S8,50455
2025-06-12,S8,51040
2025-06-13,S8,50477
2025-06-14,S8,21443
2025-06-15,S8,15778
2025-06-16,S8,53343
2025-06-17,S8,53366
2025-06-18,S8,49073
2025-06-19,S8,18328
2025-06-20,S8,32850
2025-06-21,S8,18231
2025-06-22,S8,15189
2025-06-23,S8,53428
2025-06-24,S8,52926
2025-06-25,S8,50995
2025-06-26,S8,52320
2025-06-27,S8,48609
2025-06-28,S8,22163
2025-06-29,S8,12941
2025-06-30,S8,54669
2025-07-01,S8,52033
2025-07-02,S8,50368
2025-07-03,S8,50691
2025-07-04,S8,47549
2025-07-05,S8,20452
2025-07-06,S8,11723
2025-07-07,S8,53053
2025-07-08,S8,51700
2025-07-09,S8,49308
2025-07-10,S8,49577
2025-07-11,S8,46505
2025-07-12,S8,20124
2025-07-13,S8,11767
2025-07-14,S8,52080
2025-07-15,S8,50501
2025-07-16,S8,49096
2025-07-17,S8,49347
2025-07-18,S8,46171
2025-07-19,S8,19631
2025-07-20,S8,11545
2025-07-21,S8,51655
2025-07-22,S8,50081
2025-07-23,S8,49276
2025-07-24,S8,48737
2025-07-25,S8,45838
2025-07-26,S8,19917
2025-07-27,S8,11671
2025-07-28,S8,50393
2025-07-29,S8,49570
2025-07-30,S8,48890
2025-07-31,S8,49071
2025-08-01,S8,45339
2025-08-02,S8,19520
2025-08-03,S8,11597
2025-08-04,S8,50396
2025-08-05,S8,49165
2025-08-06,S8,48784
2025-08-07,S8,48463
2025-08-08,S8,45431
2025-08-09,S8,20010
2025-08-10,S8,11682
2025-08-11,S8,51374
2025-08-12,S8,50303
2025-08-13,S8,49376
2025-08-14,S8,44496
2025-08-15,S8,15677
2025-08-16,S8,14358
2025-08-17,S8,11537
2025-08-18,S8,51014
2025-08-19,S8,51666
2025-08-20,S8,50317
2025-08-21,S8,49806
2025-08-22,S8,47086
2025-08-23,S8,20577
2025-08-24,S8,12032
2025-08-25,S8,53102
2025-08-26,S8,52175
2025-08-27,S8,51260
2025-08-28,S8,50236
2025-08-29,S8,48136
2025-08-30,S8,20502
2025-08-31,S8,12339
2025-09-01,S8,53508
2025-09-02,S8,52358
2025-09-03,S8,51137
2025-09-04,S8,51222
2025-09-05,S8,49007
2025-09-06,S8,20284
2025-09-07,S8,14498
2025-09-08,S8,52556
2025-09-09,S8,52343
2025-09-10,S8,51352
2025-09-11,S8,51146
2025-09-12,S8,49623
2025-09-13,S8,20385
2025-09-14,S8,14648
2025-09-15,S8,52084
2025-09-16,S8,52355
2025-09-17,S8,51377
2025-09-18,S8,52072
2025-09-19,S8,49252
2025-09-20,S8,20202
2025-09-21,S8,15004
2025-09-22,S8,52494
2025-09-23,S8,52506
2025-09-24,S8,51499
2025-09-25,S8,52130
2025-09-26,S8,50142
2025-09-27,S8,20788
2025-09-28,S8,15171
2025-09-29,S8,53717
2025-09-30,S8,53266
2025-10-01,S8,51924
2025-10-02,S8,51771
2025-10-03,S8,49644
2025-10-04,S8,19280
2025-10-05,S8,15054
2025-10-06,S8,52533
2025-10-07,S8,52744
2025-10-08,S8,51600
2025-10-09,S8,52155
2025-10-10,S8,49681
2025-10-11,S8,20384
2025-10-12,S8,14572
2025-10-13,S8,52850
2025-10-14,S8,52894
2025-10-15,S8,51965
2025-10-16,S8,51939
2025-10-17,S8,50096
2025-10-18,S8,20657
2025-10-19,S8,15019
2025-10-20,S8,53661
2025-10-21,S8,53703
2025-10-22,S8,52925
2025-10-23,S8,53466
2025-10-24,S8,50222
2025-10-25,S8,21368
2025-10-26,S8,15698
2025-10-27,S8,53403
2025-10-28,S8,53388
2025-10-29,S8,52980
2025-10-30,S8,52515
2025-10-31,S8,45622
2025-11-01,S8,11117
2025-11-02,S8,14817
2025-11-03,S8,53223
2025-11-04,S8,54031
2025-11-05,S8,52330
2025-11-06,S8,52913
2025-11-07,S8,51153
2025-11-08,S8,21624
2025-11-09,S8,13892
2025-11-10,S8,32214
2025-11-11,S8,16368
2025-11-12,S8,55420
2025-11-13,S8,54505
2025-11-14,S8,52076
2025-11-15,S8,21828
2025-11-16,S8,14950
2025-11-17,S8,53896
2025-11-18,S8,54295
2025-11-19,S8,53062
2025-11-20,S8,53709
2025-11-21,S8,51456
2025-11-22,S8,21620
2025-11-23,S8,15439
2025-11-24,S8,53650
2025-11-25,S8,54001
2025-11-26,S8,52122
2025-11-27,S8,53608
2025-11-28,S8,51412
2025-11-29,S8,21698
2025-11-30,S8,15262
2025-12-01,S8,54431
2025-12-02,S8,54776
2025-12-03,S8,53166
2025-12-04,S8,53889
2025-12-05,S8,52033
2025-12-06,S8,22014
2025-12-07,S8,15697
2025-12-08,S8,54755
2025-12-09,S8,54164
2025-12-10,S8,53106
2025-12-11,S8,53143
2025-12-12,S8,52101
2025-12-13,S8,22802
2025-12-14,S8,16739
2025-12-15,S8,55143
2025-12-16,S8,55834
2025-12-17,S8,54950
2025-12-18,S8,54486
2025-12-19,S8,52228
2025-12-20,S8,22833
2025-12-21,S8,14732
2025-12-22,S8,42971
2025-12-23,S8,35514
2025-12-24,S8,7718
2025-12-25,S8,2630
2025-12-26,S8,5163
2025-12-27,S8,9194
2025-12-28,S8,10599
2025-12-29,S8,30793
2025-12-30,S8,29669
2025-12-31,S8,16069
2026-01-01,S8,5043
2026-01-02,S8,20208
2026-01-03,S8,12855
2026-01-04,S8,11686
2026-01-05,S8,28189
2026-01-06,S8,16810
2026-01-07,S8,42564
2026-01-08,S8,43484
2026-01-09,S8,41592
2026-01-10,S8,18571
2026-01-11,S8,14279
2026-01-12,S8,45970
2026-01-13,S8,46847
2026-01-14,S8,46344
2026-01-15,S8,47803
2026-01-16,S8,46040
2026-01-17,S8,19528
2026-01-18,S8,13912
2026-01-19,S8,48217
2026-01-20,S8,48376
2026-01-21,S8,47307
2026-01-22,S8,47434
2026-01-23,S8,45634
2026-01-24,S8,19689
2026-01-25,S8,14318
2026-01-26,S8,48292
2026-01-27,S8,48598
2026-01-28,S8,48125
2026-01-29,S8,48228
2026-01-30,S8,45715
2026-01-31,S8,19039
2026-02-01,S8,13497
2026-02-02,S8,43994
2026-02-03,S8,45034
2026-02-04,S8,44968
2026-02-05,S8,46095
2026-02-06,S8,44611
2026-02-07,S8,19078
2026-02-08,S8,14029
2026-02-09,S8,47458
2026-02-10,S8,48093
2026-02-11,S8,47514
2026-02-12,S8,47955
2026-02-13,S8,45473
2026-02-14,S8,19014
2026-02-15,S8,13832
2026-02-16,S8,47597
2026-02-17,S8,48287
2026-02-18,S8,48180
2026-02-19,S8,48158
2026-02-20,S8,45818
2026-02-21,S8,19306
2026-02-22,S8,14011
2026-02-23,S8,49865
2026-02-24,S8,50157
2026-02-25,S8,50004
2026-02-26,S8,50382
2026-02-27,S8,48512
2026-02-28,S8,20096
2026-03-01,S8,14414
2026-03-02,S8,51878
2026-03-03,S8,51267
2026-03-04,S8,51062
2026-03-05,S8,51340
2026-03-06,S8,49140
2026-03-07,S8,19994
2026-03-08,S8,14442
2026-03-09,S8,52588
2026-03-10,S8,52368
2026-03-11,S8,51331
2026-03-12,S8,51754
2026-03-13,S8,50177
2026-03-14,S8,20387
2026-03-15,S8,14788
2026-03-16,S8,53300
2026-03-17,S8,53278
2026-03-18,S8,53281
2026-03-19,S8,52450
2026-03-20,S8,51114
2026-03-21,S8,20388
2026-03-22,S8,14731
2026-03-23,S8,53456
2026-03-24,S8,53711
2026-03-25,S8,52734
2026-03-26,S8,53404
2026-03-27,S8,51151
2026-03-28,S8,21715
2026-03-29,S8,15860
2026-03-30,S8,54305
2026-03-31,S8,53464
2026-04-01,S8,52781
2026-04-02,S8,52519
2026-04-03,S8,42019
2026-04-04,S8,10966
2026-04-05,S8,4005
2026-04-06,S8,8662
2026-04-07,S8,52250
2026-04-08,S8,52078
2026-04-09,S8,50899
2026-04-10,S8,49330
2026-04-11,S8,21513
2026-04-12,S8,14493
2026-04-13,S8,52116
2026-04-14,S8,52483
2026-04-15,S8,52394
2026-04-16,S8,53266
2026-04-17,S8,50818
2026-04-18,S8,20912
2026-04-19,S8,15035
2026-04-20,S8,54523
2026-04-21,S8,53821
2026-04-22,S8,53505
2026-04-23,S8,53543
2026-04-24,S8,51587
2026-04-25,S8,21888
2026-04-26,S8,16754
2026-04-27,S8,55088
2026-04-28,S8,54474
2026-04-29,S8,54340
2026-04-30,S8,50372
2026-05-01,S8,16179
2026-05-02,S8,12996
2026-05-03,S8,11928
2026-05-04,S8,54651
2026-05-05,S8,53489
2026-05-06,S8,52183
2026-05-07,S8,52255
2026-05-08,S8,50028
2026-05-09,S8,20991
2026-05-10,S8,15412
2026-05-11,S8,53101
2026-05-12,S8,52410
2026-05-13,S8,52767
2026-05-14,S8,54242
2026-05-15,S8,48568
2026-05-16,S8,20193
2026-05-17,S8,15132
2026-05-18,S8,53620
2026-05-19,S8,53552
2026-05-20,S8,53530
2026-05-21,S8,53482
2026-05-22,S8,51008
2026-05-23,S8,20707
2026-05-24,S8,12510
2026-05-25,S8,57234
2026-05-26,S8,52802
2026-05-27,S8,52249
2026-05-28,S8,53275
2026-05-29,S8,52199
2026-05-30,S8,22406
2026-05-31,S8,15853
2026-06-01,S8,54802
2026-06-02,S8,54282
2026-06-03,S8,49023
2026-06-04,S8,18130
2026-06-05,S8,33180
2026-06-06,S8,18581
2026-06-07,S8,15505
2026-06-08,S8,55103
2026-06-09,S8,54440
2026-06-10,S8,53383
2026-06-11,S8,53030
2026-06-12,S8,51325
2026-06-13,S8,21251
2026-06-14,S8,15527
2026-06-15,S8,54408
2026-06-16,S8,54129
2026-06-17,S8,53518
2026-06-18,S8,53496
2026-06-19,S8,50474
2026-06-20,S8,20817
2026-06-21,S8,15072
2026-06-22,S8,53417
2026-06-23,S8,52391
2026-06-24,S8,52050
2026-06-25,S8,51881
2026-06-26,S8,48528
2026-06-27,S8,21800
2026-06-28,S8,12734
2026-06-29,S8,53891
2026-06-30,S8,52650
2026-07-01,S8,51661